index,NDA,BR,ID1,ID2,ID3,ID4
3,2,0.3918171,-13,-13,0,0
3,2,0.3521246,-15,-13,0,0
3,2,0.2159075,-15,-15,0,0
3,2,0.03444542,-15,-11,0,0
3,2,0.003337208,-11,-11,0,0
3,2,0.002368144,-13,-11,0,0
4,2,0.3915768,-13,-13,0,0
4,2,0.3521691,-15,-13,0,0
4,2,0.2161024,-15,-15,0,0
4,2,0.03445009,-15,-11,0,0
4,2,0.003334987,-11,-11,0,0
4,2,0.002366664,-13,-11,0,0
7,2,0.1326466,-13,-13,0,0
7,2,0.1193618,-15,-13,0,0
7,2,0.07328024,-15,-15,0,0
7,2,0.01167631,-15,-11,0,0
7,2,0.001129792,-11,-11,0,0
7,2,0.0008017259,-13,-11,0,0
7,3,0.3124706,-3,4,24,0
7,3,0.1857596,-15,16,24,0
7,3,0.0424301,-1,2,24,0
7,3,0.01467425,-13,14,24,0
7,3,0.01431673,-11,12,24,0
7,4,0.07535588,-3,-3,4,4
7,4,0.01609643,-15,-15,16,16
12,2,0.3912696,-13,-13,0,0
12,2,0.3520455,-15,-13,0,0
12,2,0.2161095,-15,-15,0,0
12,2,0.0344374,-15,-11,0,0
12,2,0.003332522,-11,-11,0,0
12,2,0.002364835,-13,-11,0,0
12,3,0.0002755281,-3,4,24,0
12,3,0.0001650979,-15,16,24,0
16,2,0.3877963,-13,-13,0,0
16,2,0.3488223,-15,-13,0,0
16,2,0.2140724,-15,-15,0,0
16,2,0.03412239,-15,-11,0,0
16,2,0.003302876,-11,-11,0,0
16,2,0.002343742,-13,-11,0,0
16,4,0.007849386,-3,-3,4,4
16,4,0.001690589,-15,-15,16,16
17,2,0.392459,-13,-13,0,0
17,2,0.3519979,-15,-13,0,0
17,2,0.2153953,-15,-15,0,0
17,2,0.03443315,-15,-11,0,0
17,2,0.003342659,-11,-11,0,0
17,2,0.002372017,-13,-11,0,0
18,2,6.590236e-06,-13,-13,0,0
18,2,5.93075e-06,-15,-13,0,0
18,2,3.641621e-06,-15,-15,0,0
18,2,5.801525e-07,-15,-11,0,0
18,2,5.613032e-08,-11,-11,0,0
18,2,3.983144e-08,-13,-11,0,0
18,3,0.3446326,-3,4,24,0
18,3,0.3163099,-1,2,24,0
18,3,0.1215784,-15,16,24,0
18,3,0.1083304,-13,14,24,0
18,3,0.1065184,-11,12,24,0
18,4,0.002613407,-3,-3,4,4
20,2,0.01067875,-13,-13,0,0
20,2,0.009606089,-15,-13,0,0
20,2,0.005895603,-15,-15,0,0
20,2,0.0009396747,-15,-11,0,0
20,2,9.09571e-05,-11,-11,0,0
20,2,6.454425e-05,-13,-11,0,0
20,3,0.009518431,-1,2,24,0
20,3,0.005984414,-3,4,24,0
20,3,0.003134191,-13,14,24,0
20,3,0.003113314,-11,12,24,0
20,3,0.001278774,-15,16,24,0
20,4,0.4862214,-3,-1,2,4
20,4,0.3158412,-15,-1,2,16
20,4,0.1215856,-3,-3,4,4
20,4,0.02595265,-15,-15,16,16
20,4,9.435963e-05,-13,-13,14,14
26,2,0.3918402,-13,-13,0,0
26,2,0.3521278,-15,-13,0,0
26,2,0.2158814,-15,-15,0,0
26,2,0.03444479,-15,-11,0,0
26,2,0.003337485,-11,-11,0,0
26,2,0.002368338,-13,-11,0,0
27,2,0.02744514,-13,-13,0,0
27,2,0.0246984,-15,-13,0,0
27,2,0.01516505,-15,-15,0,0
27,2,0.002416038,-15,-11,0,0
27,2,0.0002337493,-11,-11,0,0
27,2,0.0001658764,-13,-11,0,0
27,3,0.4809693,-3,4,24,0
27,3,0.2930732,-15,16,24,0
27,3,0.04903813,-1,2,24,0
27,3,0.01779447,-13,14,24,0
27,3,0.0165074,-11,12,24,0
27,4,0.05971225,-3,-3,4,4
27,4,0.01278103,-15,-15,16,16
30,2,0.3581464,-13,-13,0,0
30,2,0.3222866,-15,-13,0,0
30,2,0.1978722,-15,-15,0,0
30,2,0.03152571,-15,-11,0,0
30,2,0.003050217,-11,-11,0,0
30,2,0.002164576,-13,-11,0,0
30,3,0.04507405,-3,4,24,0
30,3,0.0291319,-15,16,24,0
30,4,0.008845011,-3,-3,4,4
30,4,0.001903322,-15,-15,16,16
37,2,0.3917794,-13,-13,0,0
37,2,0.3521294,-15,-13,0,0
37,2,0.2159395,-15,-15,0,0
37,2,0.03444692,-15,-11,0,0
37,2,0.003336791,-11,-11,0,0
37,2,0.002367934,-13,-11,0,0
45,2,0.3872626,-13,-13,0,0
45,2,0.3484101,-15,-13,0,0
45,2,0.2138635,-15,-15,0,0
45,2,0.0340826,-15,-11,0,0
45,2,0.003298328,-11,-11,0,0
45,2,0.002340594,-13,-11,0,0
45,3,0.002495184,-3,4,24,0
45,3,0.001499661,-1,2,24,0
45,3,0.001100302,-15,16,24,0
45,4,0.004653176,-3,-3,4,4
45,4,0.0009939381,-15,-15,16,16
53,2,2.27526e-05,-13,-13,0,0
53,2,2.047688e-05,-15,-13,0,0
53,2,1.257322e-05,-15,-15,0,0
53,2,2.003081e-06,-15,-11,0,0
53,2,1.937883e-07,-11,-11,0,0
53,2,1.375154e-07,-13,-11,0,0
53,3,0.3468722,-3,4,24,0
53,3,0.3138296,-1,2,24,0
53,3,0.1262967,-15,16,24,0
53,3,0.1049427,-13,14,24,0
53,3,0.1046817,-11,12,24,0
53,4,0.003318944,-3,-3,4,4
55,2,0.2851456,-13,-13,0,0
55,2,0.2566029,-15,-13,0,0
55,2,0.1575551,-15,-15,0,0
55,2,0.02510188,-15,-11,0,0
55,2,0.002428574,-11,-11,0,0
55,2,0.001723375,-13,-11,0,0
55,3,0.1340633,-3,4,24,0
55,3,0.07877164,-15,16,24,0
55,3,0.02554772,-1,2,24,0
55,3,0.00859199,-13,14,24,0
55,3,0.008453054,-11,12,24,0
55,4,0.01315704,-3,-3,4,4
55,4,0.002857825,-15,-15,16,16
58,2,0.06345184,-13,-13,0,0
58,2,0.05710245,-15,-13,0,0
58,2,0.03506202,-15,-15,0,0
58,2,0.005585895,-15,-11,0,0
58,2,0.0005404284,-11,-11,0,0
58,2,0.00038349,-13,-11,0,0
58,3,0.5026464,-3,4,24,0
58,3,0.3226065,-15,16,24,0
58,3,0.006909107,-1,2,24,0
58,3,0.003391396,-13,14,24,0
58,3,0.002320476,-11,12,24,0
63,2,0.1095648,-13,-13,0,0
63,2,0.09860018,-15,-13,0,0
63,2,0.06053921,-15,-15,0,0
63,2,0.009645292,-15,-11,0,0
63,2,0.000933173,-11,-11,0,0
63,2,0.000662209,-13,-11,0,0
63,3,0.2759638,-3,4,24,0
63,3,0.1880767,-1,2,24,0
63,3,0.1193791,-15,16,24,0
63,3,0.06211713,-13,14,24,0
63,3,0.0614062,-11,12,24,0
63,4,0.0108062,-3,-3,4,4
63,4,0.002306056,-15,-15,16,16
65,2,0.3923138,-13,-13,0,0
65,2,0.3520318,-15,-13,0,0
65,2,0.2155068,-15,-15,0,0
65,2,0.03443523,-15,-11,0,0
65,2,0.003341307,-11,-11,0,0
65,2,0.002371055,-13,-11,0,0
68,2,0.3921724,-13,-13,0,0
68,2,0.352046,-15,-13,0,0
68,2,0.2156311,-15,-15,0,0
68,2,0.03444008,-15,-11,0,0
68,2,0.003340128,-11,-11,0,0
68,2,0.002370226,-13,-11,0,0
71,2,0.0257668,-13,-13,0,0
71,2,0.02318897,-15,-13,0,0
71,2,0.01423888,-15,-15,0,0
71,2,0.002268417,-15,-11,0,0
71,2,0.0002194622,-11,-11,0,0
71,2,0.000155732,-13,-11,0,0
71,3,0.4497667,-3,4,24,0
71,3,0.2539436,-15,16,24,0
71,3,0.1087769,-1,2,24,0
71,3,0.03706695,-13,14,24,0
71,3,0.03626436,-11,12,24,0
71,4,0.03982639,-3,-3,4,4
71,4,0.008516857,-15,-15,16,16
76,2,0.3795265,-13,-13,0,0
76,2,0.3414544,-15,-13,0,0
76,2,0.2095881,-15,-15,0,0
76,2,0.03340153,-15,-11,0,0
76,2,0.003232456,-11,-11,0,0
76,2,0.002293856,-13,-11,0,0
76,3,0.006252694,-3,4,24,0
76,3,0.003977573,-1,2,24,0
76,3,0.002731986,-15,16,24,0
76,3,0.001325127,-13,14,24,0
76,3,0.001287219,-11,12,24,0
76,4,0.01230906,-3,-3,4,4
76,4,0.002619468,-15,-15,16,16
79,2,5.300554e-06,-13,-13,0,0
79,2,4.770365e-06,-15,-13,0,0
79,2,2.928977e-06,-15,-15,0,0
79,2,4.666319e-07,-15,-11,0,0
79,2,4.514563e-08,-11,-11,0,0
79,2,3.203557e-08,-13,-11,0,0
79,3,0.3421036,-3,4,24,0
79,3,0.3237472,-1,2,24,0
79,3,0.1169541,-15,16,24,0
79,3,0.1080403,-11,12,24,0
79,3,0.1074942,-13,14,24,0
79,4,0.00164719,-3,-3,4,4
81,2,0.3915848,-13,-13,0,0
81,2,0.3521711,-15,-13,0,0
81,2,0.2160908,-15,-15,0,0
81,2,0.03445125,-15,-11,0,0
81,2,0.003335227,-11,-11,0,0
81,2,0.002366788,-13,-11,0,0
83,2,0.3917632,-13,-13,0,0
83,2,0.3521362,-15,-13,0,0
83,2,0.2159495,-15,-15,0,0
83,2,0.03444647,-15,-11,0,0
83,2,0.003336731,-11,-11,0,0
83,2,0.002367779,-13,-11,0,0
86,2,0.0002661341,-13,-13,0,0
86,2,0.0002394819,-15,-13,0,0
86,2,0.0001470284,-15,-15,0,0
86,2,2.342667e-05,-15,-11,0,0
86,2,2.266714e-06,-11,-11,0,0
86,2,1.608505e-06,-13,-11,0,0
86,3,0.3354879,-3,4,24,0
86,3,0.3271398,-1,2,24,0
86,3,0.116157,-15,16,24,0
86,3,0.1099968,-11,12,24,0
86,3,0.1084087,-13,14,24,0
86,4,0.002129787,-3,-3,4,4
88,2,0.3669074,-13,-13,0,0
88,2,0.3301422,-15,-13,0,0
88,2,0.2026875,-15,-15,0,0
88,2,0.03229607,-15,-11,0,0
88,2,0.003125008,-11,-11,0,0
88,2,0.002217562,-13,-11,0,0
88,3,0.02663987,-3,4,24,0
88,3,0.01423389,-15,16,24,0
88,3,0.009009411,-1,2,24,0
88,3,0.003029988,-11,12,24,0
88,3,0.0030207,-13,14,24,0
88,4,0.005513806,-3,-3,4,4
88,4,0.00117655,-15,-15,16,16
95,2,0.0002432971,-13,-13,0,0
95,2,0.0002189378,-15,-13,0,0
95,2,0.0001344163,-15,-15,0,0
95,2,2.14166e-05,-15,-11,0,0
95,2,2.072203e-06,-11,-11,0,0
95,2,1.470487e-06,-13,-11,0,0
95,3,0.3366385,-3,4,24,0
95,3,0.3258646,-1,2,24,0
95,3,0.1168816,-15,16,24,0
95,3,0.1098307,-11,12,24,0
95,3,0.1080807,-13,14,24,0
95,4,0.002082339,-3,-3,4,4
96,2,0.309512,-13,-13,0,0
96,2,0.2785183,-15,-13,0,0
96,2,0.1709993,-15,-15,0,0
96,2,0.02724505,-15,-11,0,0
96,2,0.002636065,-11,-11,0,0
96,2,0.001870613,-13,-11,0,0
96,3,0.09561843,-3,4,24,0
96,3,0.05257399,-15,16,24,0
96,3,0.02839885,-1,2,24,0
96,3,0.009525584,-13,14,24,0
96,3,0.009509153,-11,12,24,0
96,4,0.01118674,-3,-3,4,4
96,4,0.002405871,-15,-15,16,16
98,2,7.371093e-05,-13,-13,0,0
98,2,6.633059e-05,-15,-13,0,0
98,2,4.072383e-05,-15,-15,0,0
98,2,6.488573e-06,-15,-11,0,0
98,2,6.278009e-07,-11,-11,0,0
98,2,4.454982e-07,-13,-11,0,0
98,3,0.3401969,-3,4,24,0
98,3,0.3235714,-1,2,24,0
98,3,0.1170162,-15,16,24,0
98,3,0.1093527,-13,14,24,0
98,3,0.1064919,-11,12,24,0
98,4,0.00262791,-3,-3,4,4
98,4,0.0005546718,-15,-15,16,16
99,2,0.3905638,-13,-13,0,0
99,2,0.3513957,-15,-13,0,0
99,2,0.2156939,-15,-15,0,0
99,2,0.03437358,-15,-11,0,0
99,2,0.003326335,-11,-11,0,0
99,2,0.00236047,-13,-11,0,0
99,3,0.0009946134,-3,4,24,0
99,3,0.0004358721,-15,16,24,0
99,4,0.0008557421,-3,-3,4,4
104,2,0.3810983,-13,-13,0,0
104,2,0.3428341,-15,-13,0,0
104,2,0.2104213,-15,-15,0,0
104,2,0.03353703,-15,-11,0,0
104,2,0.003245839,-11,-11,0,0
104,2,0.002303407,-13,-11,0,0
104,3,0.0008787684,-3,4,24,0
104,3,0.0006876209,-1,2,24,0
104,3,0.000329922,-15,16,24,0
104,4,0.02041384,-3,-3,4,4
104,4,0.00424984,-15,-15,16,16
109,2,0.008203606,-13,-13,0,0
109,2,0.007381909,-15,-13,0,0
109,2,0.004532117,-15,-15,0,0
109,2,0.0007221117,-15,-11,0,0
109,2,6.987071e-05,-11,-11,0,0
109,2,4.958284e-05,-13,-11,0,0
109,3,0.330199,-3,4,24,0
109,3,0.3178978,-1,2,24,0
109,3,0.1155605,-15,16,24,0
109,3,0.1065027,-13,14,24,0
109,3,0.1055605,-11,12,24,0
109,4,0.002738759,-3,-3,4,4
109,4,0.0005815917,-15,-15,16,16
110,2,0.0001154372,-13,-13,0,0
110,2,0.0001038886,-15,-13,0,0
110,2,6.378971e-05,-15,-15,0,0
110,2,1.016308e-05,-15,-11,0,0
110,2,9.832575e-07,-11,-11,0,0
110,2,6.97715e-07,-13,-11,0,0
110,3,0.3430832,-3,4,24,0
110,3,0.3170366,-1,2,24,0
110,3,0.1245933,-15,16,24,0
110,3,0.1067806,-11,12,24,0
110,3,0.1051857,-13,14,24,0
110,4,0.003025577,-3,-3,4,4
112,2,0.3845954,-13,-13,0,0
112,2,0.3459925,-15,-13,0,0
112,2,0.212367,-15,-15,0,0
112,2,0.03384592,-15,-11,0,0
112,2,0.003275658,-11,-11,0,0
112,2,0.002324469,-13,-11,0,0
112,3,0.00062594,-3,4,24,0
112,3,0.0003082456,-15,16,24,0
112,4,0.01373119,-3,-3,4,4
112,4,0.002933662,-15,-15,16,16
118,2,0.06114487,-13,-13,0,0
118,2,0.05500799,-15,-13,0,0
118,2,0.03376357,-15,-15,0,0
118,2,0.005380993,-15,-11,0,0
118,2,0.0005207738,-11,-11,0,0
118,2,0.0003695504,-13,-11,0,0
118,3,0.2699203,-1,2,24,0
118,3,0.2557345,-3,4,24,0
118,3,0.08961263,-13,14,24,0
118,3,0.08730659,-11,12,24,0
118,3,0.0819012,-15,16,24,0
118,4,0.04885566,-3,-3,4,4
118,4,0.01048136,-15,-15,16,16
119,2,0.2048427,-13,-13,0,0
119,2,0.1843518,-15,-13,0,0
119,2,0.1131863,-15,-15,0,0
119,2,0.01803288,-15,-11,0,0
119,2,0.001744711,-11,-11,0,0
119,2,0.001238075,-13,-11,0,0
119,3,0.2534616,-3,4,24,0
119,3,0.1580474,-15,16,24,0
119,3,0.01449394,-1,2,24,0
119,3,0.005338576,-13,14,24,0
119,3,0.004819009,-11,12,24,0
119,4,0.033327,-3,-3,4,4
119,4,0.007116002,-15,-15,16,16
120,2,0.3852434,-13,-13,0,0
120,2,0.3466532,-15,-13,0,0
120,2,0.2128079,-15,-15,0,0
120,2,0.03390978,-15,-11,0,0
120,2,0.00328133,-11,-11,0,0
120,2,0.002328392,-13,-11,0,0
120,3,0.006948754,-3,4,24,0
120,3,0.003936511,-15,16,24,0
120,3,0.0015167,-1,2,24,0
120,4,0.002783648,-3,-3,4,4
120,4,0.0005904572,-15,-15,16,16
121,2,5.731742e-06,-13,-13,0,0
121,2,5.158325e-06,-15,-13,0,0
121,2,3.167307e-06,-15,-15,0,0
121,2,5.045998e-07,-15,-11,0,0
121,2,4.881671e-08,-11,-11,0,0
121,2,3.464274e-08,-13,-11,0,0
121,3,0.3396837,-3,4,24,0
121,3,0.3250994,-1,2,24,0
121,3,0.1170845,-15,16,24,0
121,3,0.1083604,-11,12,24,0
121,3,0.1083462,-13,14,24,0
121,4,0.001411242,-3,-3,4,4
122,2,0.3916642,-13,-13,0,0
122,2,0.352153,-15,-13,0,0
122,2,0.216031,-15,-15,0,0
122,2,0.03444865,-15,-11,0,0
122,2,0.003335866,-11,-11,0,0
122,2,0.00236719,-13,-11,0,0
125,2,0.3897366,-13,-13,0,0
125,2,0.3505974,-15,-13,0,0
125,2,0.2151722,-15,-15,0,0
125,2,0.03429596,-15,-11,0,0
125,2,0.003319564,-11,-11,0,0
125,2,0.002355625,-13,-11,0,0
125,4,0.003719919,-3,-3,4,4
125,4,0.000802725,-15,-15,16,16
126,2,0.002097477,-13,-13,0,0
126,2,0.001886536,-15,-13,0,0
126,2,0.001157765,-15,-15,0,0
126,2,0.0001845553,-15,-11,0,0
126,2,1.786489e-05,-11,-11,0,0
126,2,1.267695e-05,-13,-11,0,0
126,4,0.3166164,-3,-1,2,4
126,4,0.1567111,-15,-3,4,16
126,4,0.1310245,-15,-1,2,16
126,4,0.1066626,-11,-3,4,12
126,4,0.106659,-13,-3,4,14
126,4,0.07879428,-3,-3,4,4
126,4,0.04378411,-15,-11,12,16
126,4,0.04355389,-15,-13,14,16
126,4,0.0108373,-15,-15,16,16
127,2,0.3915736,-13,-13,0,0
127,2,0.3521762,-15,-13,0,0
127,2,0.2160985,-15,-15,0,0
127,2,0.03445007,-15,-11,0,0
127,2,0.003335077,-11,-11,0,0
127,2,0.002366626,-13,-11,0,0
130,2,0.390771,-13,-13,0,0
130,2,0.3514962,-15,-13,0,0
130,2,0.2157193,-15,-15,0,0
130,2,0.03438425,-15,-11,0,0
130,2,0.003328261,-11,-11,0,0
130,2,0.002361763,-13,-11,0,0
130,4,0.001600115,-3,-3,4,4
130,4,0.0003390729,-15,-15,16,16
131,2,0.3917118,-13,-13,0,0
131,2,0.352144,-15,-13,0,0
131,2,0.2159926,-15,-15,0,0
131,2,0.03444783,-15,-11,0,0
131,2,0.003336282,-11,-11,0,0
131,2,0.00236749,-13,-11,0,0
136,2,0.391583,-13,-13,0,0
136,2,0.3521692,-15,-13,0,0
136,2,0.2160956,-15,-15,0,0
136,2,0.0344503,-15,-11,0,0
136,2,0.003335177,-11,-11,0,0
136,2,0.002366774,-13,-11,0,0
138,2,0.001206369,-13,-13,0,0
138,2,0.001085562,-15,-13,0,0
138,2,0.0006664867,-15,-15,0,0
138,2,0.0001061902,-15,-11,0,0
138,2,1.027501e-05,-11,-11,0,0
138,2,7.291349e-06,-13,-11,0,0
138,3,0.3528824,-3,4,24,0
138,3,0.2970902,-1,2,24,0
138,3,0.1338965,-15,16,24,0
138,3,0.1005536,-13,14,24,0
138,3,0.09792107,-11,12,24,0
138,4,0.01199909,-3,-3,4,4
138,4,0.00257489,-15,-15,16,16
139,2,0.3917098,-13,-13,0,0
139,2,0.3521446,-15,-13,0,0
139,2,0.2159943,-15,-15,0,0
139,2,0.03444744,-15,-11,0,0
139,2,0.003336293,-11,-11,0,0
139,2,0.002367507,-13,-11,0,0
142,2,0.001527999,-13,-13,0,0
142,2,0.00137504,-15,-13,0,0
142,2,0.0008442406,-15,-15,0,0
142,2,0.000134512,-15,-11,0,0
142,2,1.301409e-05,-11,-11,0,0
142,2,9.235129e-06,-13,-11,0,0
142,3,0.33895,-3,4,24,0
142,3,0.3252042,-1,2,24,0
142,3,0.1161956,-15,16,24,0
142,3,0.1075105,-13,14,24,0
142,3,0.1065872,-11,12,24,0
142,4,0.001648418,-3,-3,4,4
143,2,0.0001379041,-13,-13,0,0
143,2,0.000124087,-15,-13,0,0
143,2,7.617295e-05,-15,-15,0,0
143,2,1.213783e-05,-15,-11,0,0
143,2,1.174588e-06,-11,-11,0,0
143,2,8.334922e-07,-13,-11,0,0
143,3,0.3345696,-3,4,24,0
143,3,0.3298406,-1,2,24,0
143,3,0.1117356,-15,16,24,0
143,3,0.1112385,-13,14,24,0
143,3,0.1087147,-11,12,24,0
143,4,0.002929778,-3,-3,4,4
143,4,0.0006188734,-15,-15,16,16
146,2,0.3722919,-13,-13,0,0
146,2,0.3349721,-15,-13,0,0
146,2,0.2056287,-15,-15,0,0
146,2,0.03276737,-15,-11,0,0
146,2,0.003170836,-11,-11,0,0
146,2,0.002250111,-13,-11,0,0
146,3,0.01643414,-3,4,24,0
146,3,0.009125449,-15,16,24,0
146,3,0.00447485,-1,2,24,0
146,3,0.001511357,-13,14,24,0
146,3,0.001445965,-11,12,24,0
146,4,0.01314251,-3,-3,4,4
146,4,0.002784756,-15,-15,16,16
150,2,0.3919649,-13,-13,0,0
150,2,0.3520953,-15,-13,0,0
150,2,0.2157899,-15,-15,0,0
150,2,0.03444246,-15,-11,0,0
150,2,0.003338432,-11,-11,0,0
150,2,0.00236898,-13,-11,0,0
158,2,0.000108854,-13,-13,0,0
158,2,9.794463e-05,-15,-13,0,0
158,2,6.012864e-05,-15,-15,0,0
158,2,9.58153e-06,-15,-11,0,0
158,2,9.271192e-07,-11,-11,0,0
158,2,6.579175e-07,-13,-11,0,0
158,3,0.3338834,-1,2,24,0
158,3,0.333231,-3,4,24,0
158,3,0.1114138,-15,16,24,0
158,3,0.1107931,-13,14,24,0
158,3,0.1082198,-11,12,24,0
158,4,0.001801322,-3,-3,4,4
158,4,0.000379519,-15,-15,16,16
162,2,0.3252141,-13,-13,0,0
162,2,0.29262,-15,-13,0,0
162,2,0.1796372,-15,-15,0,0
162,2,0.02862451,-15,-11,0,0
162,2,0.002769864,-11,-11,0,0
162,2,0.001965556,-13,-11,0,0
162,3,0.06615442,-3,4,24,0
162,3,0.03554899,-15,16,24,0
162,3,0.02268245,-1,2,24,0
162,3,0.007635297,-13,14,24,0
162,3,0.007345525,-11,12,24,0
162,4,0.02455654,-3,-3,4,4
162,4,0.005245557,-15,-15,16,16
173,2,0.0001175595,-13,-13,0,0
173,2,0.0001057815,-15,-13,0,0
173,2,6.494134e-05,-15,-15,0,0
173,2,1.034779e-05,-15,-11,0,0
173,2,1.001272e-06,-11,-11,0,0
173,2,7.105058e-07,-13,-11,0,0
173,3,0.3386872,-3,4,24,0
173,3,0.3241831,-1,2,24,0
173,3,0.1159166,-15,16,24,0
173,3,0.1094861,-13,14,24,0
173,3,0.1069839,-11,12,24,0
173,4,0.003661571,-3,-3,4,4
173,4,0.0007812025,-15,-15,16,16
174,2,0.3917126,-13,-13,0,0
174,2,0.3521467,-15,-13,0,0
174,2,0.2159894,-15,-15,0,0
174,2,0.03444761,-15,-11,0,0
174,2,0.003336279,-11,-11,0,0
174,2,0.002367462,-13,-11,0,0
176,2,0.02426226,-13,-13,0,0
176,2,0.0218321,-15,-13,0,0
176,2,0.01340378,-15,-15,0,0
176,2,0.002135657,-15,-11,0,0
176,2,0.0002066427,-11,-11,0,0
176,2,0.0001466386,-13,-11,0,0
176,3,0.3215129,-3,4,24,0
176,3,0.29678,-1,2,24,0
176,3,0.1156653,-15,16,24,0
176,3,0.09950546,-13,14,24,0
176,3,0.09856415,-11,12,24,0
176,4,0.004923707,-3,-3,4,4
176,4,0.001061359,-15,-15,16,16
177,2,0.3922259,-13,-13,0,0
177,2,0.352039,-15,-13,0,0
177,2,0.215585,-15,-15,0,0
177,2,0.03443885,-15,-11,0,0
177,2,0.003340706,-11,-11,0,0
177,2,0.002370532,-13,-11,0,0
181,2,1.40702e-05,-13,-13,0,0
181,2,1.266283e-05,-15,-13,0,0
181,2,7.775217e-06,-15,-15,0,0
181,2,1.23869e-06,-15,-11,0,0
181,2,1.198375e-07,-11,-11,0,0
181,2,8.504051e-08,-13,-11,0,0
181,3,0.3379927,-3,4,24,0
181,3,0.3255147,-1,2,24,0
181,3,0.1174207,-15,16,24,0
181,3,0.1098007,-11,12,24,0
181,3,0.1079168,-13,14,24,0
181,4,0.001318506,-3,-3,4,4
189,2,0.3905337,-13,-13,0,0
189,2,0.3513804,-15,-13,0,0
189,2,0.2157024,-15,-15,0,0
189,2,0.03437248,-15,-11,0,0
189,2,0.003326172,-11,-11,0,0
189,2,0.002360347,-13,-11,0,0
189,3,0.0008812589,-3,4,24,0
189,3,0.0005203648,-15,16,24,0
189,4,0.0009228815,-3,-3,4,4
197,2,0.3915908,-13,-13,0,0
197,2,0.3521705,-15,-13,0,0
197,2,0.2160868,-15,-15,0,0
197,2,0.03445001,-15,-11,0,0
197,2,0.003335218,-11,-11,0,0
197,2,0.002366744,-13,-11,0,0
198,2,0.3757331,-13,-13,0,0
198,2,0.337991,-15,-13,0,0
198,2,0.2074238,-15,-15,0,0
198,2,0.03306281,-15,-11,0,0
198,2,0.003200195,-11,-11,0,0
198,2,0.002271016,-13,-11,0,0
198,3,2.338155e-05,-3,4,24,0
198,4,0.03336326,-3,-3,4,4
198,4,0.006931376,-15,-15,16,16
199,2,0.0002534211,-13,-13,0,0
199,2,0.000228067,-15,-13,0,0
199,2,0.0001400283,-15,-15,0,0
199,2,2.23099e-05,-15,-11,0,0
199,2,2.158354e-06,-11,-11,0,0
199,2,1.531645e-06,-13,-11,0,0
199,3,0.3395052,-3,4,24,0
199,3,0.3261771,-1,2,24,0
199,3,0.1177715,-15,16,24,0
199,3,0.1079228,-11,12,24,0
199,3,0.106686,-13,14,24,0
199,4,0.001289873,-3,-3,4,4
205,2,0.3920248,-13,-13,0,0
205,2,0.3520829,-15,-13,0,0
205,2,0.2157423,-15,-15,0,0
205,2,0.03444164,-15,-11,0,0
205,2,0.003338964,-11,-11,0,0
205,2,0.002369379,-13,-11,0,0
206,2,0.3179188,-13,-13,0,0
206,2,0.2860991,-15,-13,0,0
206,2,0.1756549,-15,-15,0,0
206,2,0.02798699,-15,-11,0,0
206,2,0.002707819,-11,-11,0,0
206,2,0.001921505,-13,-11,0,0
206,3,0.08924877,-3,4,24,0
206,3,0.05085818,-15,16,24,0
206,3,0.02030004,-1,2,24,0
206,3,0.00686647,-13,14,24,0
206,3,0.006793952,-11,12,24,0
206,4,0.01124593,-3,-3,4,4
206,4,0.002397524,-15,-15,16,16
209,2,0.0007089662,-13,-13,0,0
209,2,0.0006380321,-15,-13,0,0
209,2,0.0003917298,-15,-15,0,0
209,2,6.241388e-05,-15,-11,0,0
209,2,6.038451e-06,-11,-11,0,0
209,2,4.285081e-06,-13,-11,0,0
209,3,0.3415577,-3,4,24,0
209,3,0.3202962,-1,2,24,0
209,3,0.1212811,-15,16,24,0
209,3,0.1070755,-11,12,24,0
209,3,0.1053209,-13,14,24,0
209,4,0.002657219,-3,-3,4,4
212,2,0.392376,-13,-13,0,0
212,2,0.3520186,-15,-13,0,0
212,2,0.2154562,-15,-15,0,0
212,2,0.03443573,-15,-11,0,0
212,2,0.003342052,-11,-11,0,0
212,2,0.002371421,-13,-11,0,0
214,2,0.007876569,-13,-13,0,0
214,2,0.007087473,-15,-13,0,0
214,2,0.004351163,-15,-15,0,0
214,2,0.0006933286,-15,-11,0,0
214,2,6.708858e-05,-11,-11,0,0
214,2,4.760616e-05,-13,-11,0,0
214,3,0.3300737,-3,4,24,0
214,3,0.3175537,-1,2,24,0
214,3,0.1149277,-15,16,24,0
214,3,0.1063206,-11,12,24,0
214,3,0.1048267,-13,14,24,0
214,4,0.005093318,-3,-3,4,4
214,4,0.001080955,-15,-15,16,16
218,2,0.392003,-13,-13,0,0
218,2,0.3520875,-15,-13,0,0
218,2,0.2157592,-15,-15,0,0
218,2,0.03444225,-15,-11,0,0
218,2,0.003338742,-11,-11,0,0
218,2,0.002369226,-13,-11,0,0
227,2,5.169279e-05,-13,-13,0,0
227,2,4.652083e-05,-15,-13,0,0
227,2,2.856392e-05,-15,-15,0,0
227,2,4.55076e-06,-15,-11,0,0
227,2,4.402756e-07,-11,-11,0,0
227,2,3.124261e-07,-13,-11,0,0
227,3,0.3713271,-3,4,24,0
227,3,0.2867752,-1,2,24,0
227,3,0.1478532,-15,16,24,0
227,3,0.09776576,-11,12,24,0
227,3,0.09614667,-13,14,24,0
229,2,0.3916717,-13,-13,0,0
229,2,0.3521542,-15,-13,0,0
229,2,0.2160234,-15,-15,0,0
229,2,0.03444749,-15,-11,0,0
229,2,0.003336006,-11,-11,0,0
229,2,0.00236721,-13,-11,0,0
233,2,0.04341594,-13,-13,0,0
233,2,0.03907205,-15,-13,0,0
233,2,0.02399077,-15,-15,0,0
233,2,0.003822122,-15,-11,0,0
233,2,0.0003697757,-11,-11,0,0
233,2,0.0002624018,-13,-11,0,0
233,3,0.4770871,-3,4,24,0
233,3,0.2962734,-15,16,24,0
233,3,0.02792046,-1,2,24,0
233,3,0.01059341,-13,14,24,0
233,3,0.009425932,-11,12,24,0
233,4,0.05582318,-3,-3,4,4
233,4,0.01194348,-15,-15,16,16
239,2,0.3653325,-13,-13,0,0
239,2,0.3287168,-15,-13,0,0
239,2,0.2018054,-15,-15,0,0
239,2,0.03215776,-15,-11,0,0
239,2,0.003111704,-11,-11,0,0
239,2,0.002208145,-13,-11,0,0
239,3,0.02553203,-3,4,24,0
239,3,0.01519998,-15,16,24,0
239,3,0.003110213,-1,2,24,0
239,3,0.001102248,-13,14,24,0
239,3,0.001024543,-11,12,24,0
239,4,0.01707138,-3,-3,4,4
239,4,0.003627307,-15,-15,16,16
240,2,5.1605e-06,-13,-13,0,0
240,2,4.644142e-06,-15,-13,0,0
240,2,2.85158e-06,-15,-15,0,0
240,2,4.543048e-07,-15,-11,0,0
240,2,4.395312e-08,-11,-11,0,0
240,2,3.118902e-08,-13,-11,0,0
240,3,0.3381294,-3,4,24,0
240,3,0.3261502,-1,2,24,0
240,3,0.1169296,-15,16,24,0
240,3,0.1087948,-11,12,24,0
240,3,0.10869,-13,14,24,0
240,4,0.001292868,-3,-3,4,4
243,2,0.2393189,-13,-13,0,0
243,2,0.2153393,-15,-13,0,0
243,2,0.1321924,-15,-15,0,0
243,2,0.0210649,-15,-11,0,0
243,2,0.002038368,-11,-11,0,0
243,2,0.001446492,-13,-11,0,0
243,3,0.1488827,-3,4,24,0
243,3,0.07552257,-15,16,24,0
243,3,0.06185561,-1,2,24,0
243,3,0.02108317,-13,14,24,0
243,3,0.02036236,-11,12,24,0
243,4,0.05018966,-3,-3,4,4
243,4,0.01070351,-15,-15,16,16
246,2,0.3434003,-13,-13,0,0
246,2,0.3089045,-15,-13,0,0
246,2,0.1895767,-15,-15,0,0
246,2,0.03021767,-15,-11,0,0
246,2,0.002924877,-11,-11,0,0
246,2,0.002075494,-13,-11,0,0
246,3,0.004406278,-1,2,24,0
246,3,0.002616025,-3,4,24,0
246,3,0.001455165,-13,14,24,0
246,3,0.001423553,-11,12,24,0
246,3,0.0005220361,-15,16,24,0
246,4,0.09252068,-3,-3,4,4
246,4,0.0199567,-15,-15,16,16
249,2,0.3060583,-13,-13,0,0
249,2,0.2754239,-15,-13,0,0
249,2,0.1691057,-15,-15,0,0
249,2,0.02694234,-15,-11,0,0
249,2,0.002606744,-11,-11,0,0
249,2,0.001849792,-13,-11,0,0
249,3,0.1172666,-3,4,24,0
249,3,0.07496012,-15,16,24,0
249,3,0.0004100798,-13,14,24,0
249,4,0.02088982,-3,-3,4,4
249,4,0.004486624,-15,-15,16,16
251,2,0.3851061,-13,-13,0,0
251,2,0.3464518,-15,-13,0,0
251,2,0.2126497,-15,-15,0,0
251,2,0.03389092,-15,-11,0,0
251,2,0.003280054,-11,-11,0,0
251,2,0.002327565,-13,-11,0,0
251,3,0.0008958441,-3,4,24,0
251,3,0.000370264,-15,16,24,0
251,4,0.0124103,-3,-3,4,4
251,4,0.002617422,-15,-15,16,16
256,2,0.1435937,-13,-13,0,0
256,2,0.1292248,-15,-13,0,0
256,2,0.07934523,-15,-15,0,0
256,2,0.01264098,-15,-11,0,0
256,2,0.001222982,-11,-11,0,0
256,2,0.0008678614,-13,-11,0,0
256,3,0.3192149,-3,4,24,0
256,3,0.1856758,-15,16,24,0
256,3,0.05423742,-1,2,24,0
256,3,0.01859888,-13,14,24,0
256,3,0.0182805,-11,12,24,0
256,4,0.03056229,-3,-3,4,4
256,4,0.006534641,-15,-15,16,16
259,2,0.04386363,-13,-13,0,0
259,2,0.03946739,-15,-13,0,0
259,2,0.02422873,-15,-15,0,0
259,2,0.003860707,-15,-11,0,0
259,2,0.000373588,-11,-11,0,0
259,2,0.000265102,-13,-11,0,0
259,3,0.3049378,-3,4,24,0
259,3,0.2693419,-1,2,24,0
259,3,0.1103177,-15,16,24,0
259,3,0.09164703,-11,12,24,0
259,3,0.09055209,-13,14,24,0
259,4,0.01745633,-3,-3,4,4
259,4,0.003688027,-15,-15,16,16
260,2,0.39148,-13,-13,0,0
260,2,0.3521903,-15,-13,0,0
260,2,0.2161769,-15,-15,0,0
260,2,0.03445252,-15,-11,0,0
260,2,0.003334261,-11,-11,0,0
260,2,0.00236604,-13,-11,0,0
269,2,0.002006074,-13,-13,0,0
269,2,0.001805135,-15,-13,0,0
269,2,0.001108275,-15,-15,0,0
269,2,0.0001765856,-15,-11,0,0
269,2,1.708557e-05,-11,-11,0,0
269,2,1.212463e-05,-13,-11,0,0
269,3,0.3343108,-3,4,24,0
269,3,0.3282134,-1,2,24,0
269,3,0.1155339,-15,16,24,0
269,3,0.1080281,-13,14,24,0
269,3,0.1070484,-11,12,24,0
269,4,0.001740138,-3,-3,4,4
280,2,0.001532914,-13,-13,0,0
280,2,0.00137944,-15,-13,0,0
280,2,0.0008468221,-15,-15,0,0
280,2,0.0001349293,-15,-11,0,0
280,2,1.305574e-05,-11,-11,0,0
280,2,9.264955e-06,-13,-11,0,0
280,3,0.3373168,-3,4,24,0
280,3,0.3203903,-1,2,24,0
280,3,0.1200048,-15,16,24,0
280,3,0.1062312,-13,14,24,0
280,3,0.1038091,-11,12,24,0
280,4,0.006868227,-3,-3,4,4
280,4,0.001463224,-15,-15,16,16
281,2,0.2976761,-13,-13,0,0
281,2,0.2679028,-15,-13,0,0
281,2,0.1645015,-15,-15,0,0
281,2,0.02620696,-15,-11,0,0
281,2,0.002535388,-11,-11,0,0
281,2,0.001799107,-13,-11,0,0
281,3,0.1345234,-3,4,24,0
281,3,0.08526196,-15,16,24,0
281,3,0.0004603697,-13,14,24,0
281,4,0.01574678,-3,-3,4,4
281,4,0.003385649,-15,-15,16,16
282,2,0.387708,-13,-13,0,0
282,2,0.3487638,-15,-13,0,0
282,2,0.2140466,-15,-15,0,0
282,2,0.03411649,-15,-11,0,0
282,2,0.003302217,-11,-11,0,0
282,2,0.002343331,-13,-11,0,0
282,4,0.008030449,-3,-3,4,4
282,4,0.001689157,-15,-15,16,16
283,2,7.517263e-05,-13,-13,0,0
283,2,6.765035e-05,-15,-13,0,0
283,2,4.153794e-05,-15,-15,0,0
283,2,6.617671e-06,-15,-11,0,0
283,2,6.402514e-07,-11,-11,0,0
283,2,4.543328e-07,-13,-11,0,0
283,3,0.3416025,-3,4,24,0
283,3,0.3204157,-1,2,24,0
283,3,0.1213626,-15,16,24,0
283,3,0.1078558,-11,12,24,0
283,3,0.1061761,-13,14,24,0
283,4,0.002395217,-3,-3,4,4
288,2,0.3881581,-13,-13,0,0
288,2,0.3492424,-15,-13,0,0
288,2,0.2143768,-15,-15,0,0
288,2,0.03416267,-15,-11,0,0
288,2,0.003306082,-11,-11,0,0
288,2,0.002345989,-13,-11,0,0
288,3,0.002360141,-3,4,24,0
288,3,0.001292267,-15,16,24,0
288,4,0.003915338,-3,-3,4,4
288,4,0.0008402665,-15,-15,16,16
289,2,0.3922243,-13,-13,0,0
289,2,0.3520439,-15,-13,0,0
289,2,0.2155822,-15,-15,0,0
289,2,0.03443826,-15,-11,0,0
289,2,0.003340736,-11,-11,0,0
289,2,0.002370621,-13,-11,0,0
291,2,0.01878513,-13,-13,0,0
291,2,0.01690518,-15,-13,0,0
291,2,0.0103797,-15,-15,0,0
291,2,0.001653669,-15,-11,0,0
291,2,0.0001599956,-11,-11,0,0
291,2,0.000113534,-13,-11,0,0
291,3,0.4868757,-3,4,24,0
291,3,0.2990681,-15,16,24,0
291,3,0.05052631,-1,2,24,0
291,3,0.01751476,-13,14,24,0
291,3,0.01701198,-11,12,24,0
291,4,0.06684128,-3,-3,4,4
291,4,0.01416458,-15,-15,16,16
292,2,0.3918332,-13,-13,0,0
292,2,0.3521277,-15,-13,0,0
292,2,0.2158878,-15,-15,0,0
292,2,0.03444558,-15,-11,0,0
292,2,0.00333742,-11,-11,0,0
292,2,0.002368254,-13,-11,0,0
294,2,0.3916251,-13,-13,0,0
294,2,0.3521621,-15,-13,0,0
294,2,0.2160614,-15,-15,0,0
294,2,0.03444896,-15,-11,0,0
294,2,0.003335479,-11,-11,0,0
294,2,0.002366901,-13,-11,0,0
302,2,0.391155,-13,-13,0,0
302,2,0.3518583,-15,-13,0,0
302,2,0.2159458,-15,-15,0,0
302,2,0.03441939,-15,-11,0,0
302,2,0.003331523,-11,-11,0,0
302,2,0.002364111,-13,-11,0,0
302,4,0.0009258748,-3,-3,4,4
303,2,0.1690622,-13,-13,0,0
303,2,0.1521394,-15,-13,0,0
303,2,0.09341393,-15,-15,0,0
303,2,0.01488257,-15,-11,0,0
303,2,0.001439869,-11,-11,0,0
303,2,0.001021759,-13,-11,0,0
303,3,0.2789385,-3,4,24,0
303,3,0.162357,-15,16,24,0
303,3,0.05591356,-1,2,24,0
303,3,0.01892158,-13,14,24,0
303,3,0.01868643,-11,12,24,0
303,4,0.02739042,-3,-3,4,4
303,4,0.005832802,-15,-15,16,16
309,2,0.3916947,-13,-13,0,0
309,2,0.3521577,-15,-13,0,0
309,2,0.2159951,-15,-15,0,0
309,2,0.03444876,-15,-11,0,0
309,2,0.003336337,-11,-11,0,0
309,2,0.002367448,-13,-11,0,0
310,2,0.07246671,-13,-13,0,0
310,2,0.06519462,-15,-13,0,0
310,2,0.04001749,-15,-15,0,0
310,2,0.006377446,-15,-11,0,0
310,2,0.0006172435,-11,-11,0,0
310,2,0.0004379997,-13,-11,0,0
310,3,0.1915057,-3,4,24,0
310,3,0.1824875,-1,2,24,0
310,3,0.06518356,-15,16,24,0
310,3,0.06159725,-11,12,24,0
310,3,0.06057496,-13,14,24,0
310,4,0.2081995,-3,-3,4,4
310,4,0.04534004,-15,-15,16,16
313,2,7.729607e-05,-13,-13,0,0
313,2,6.956242e-05,-15,-13,0,0
313,2,4.271197e-05,-15,-15,0,0
313,2,6.804742e-06,-15,-11,0,0
313,2,6.583361e-07,-11,-11,0,0
313,2,4.671681e-07,-13,-11,0,0
313,3,0.3474671,-3,4,24,0
313,3,0.31332,-1,2,24,0
313,3,0.1263084,-15,16,24,0
313,3,0.1045511,-13,14,24,0
313,3,0.1044955,-11,12,24,0
313,4,0.003660437,-3,-3,4,4
314,2,0.0001923192,-13,-13,0,0
314,2,0.0001730572,-15,-13,0,0
314,2,0.0001062438,-15,-15,0,0
314,2,1.692875e-05,-15,-11,0,0
314,2,1.638012e-06,-11,-11,0,0
314,2,1.162377e-06,-13,-11,0,0
314,3,0.3468363,-3,4,24,0
314,3,0.3071934,-1,2,24,0
314,3,0.1264924,-15,16,24,0
314,3,0.1037413,-11,12,24,0
314,3,0.1020168,-13,14,24,0
314,4,0.01092115,-3,-3,4,4
314,4,0.002307229,-15,-15,16,16
315,2,0.3919169,-13,-13,0,0
315,2,0.3521055,-15,-13,0,0
315,2,0.2158271,-15,-15,0,0
315,2,0.03444373,-15,-11,0,0
315,2,0.003338032,-11,-11,0,0
315,2,0.002368729,-13,-11,0,0
318,2,0.3836244,-13,-13,0,0
318,2,0.3451391,-15,-13,0,0
318,2,0.2118554,-15,-15,0,0
318,2,0.03376237,-15,-11,0,0
318,2,0.003267362,-11,-11,0,0
318,2,0.002318594,-13,-11,0,0
318,3,0.003798798,-3,4,24,0
318,3,0.001861724,-15,16,24,0
318,3,0.001634825,-1,2,24,0
318,3,0.0005485576,-13,14,24,0
318,4,0.01002356,-3,-3,4,4
318,4,0.002165345,-15,-15,16,16
320,2,0.3916403,-13,-13,0,0
320,2,0.352162,-15,-13,0,0
320,2,0.2160444,-15,-15,0,0
320,2,0.03445043,-15,-11,0,0
320,2,0.003335822,-11,-11,0,0
320,2,0.002367079,-13,-11,0,0
321,2,0.2039546,-13,-13,0,0
321,2,0.1835165,-15,-13,0,0
321,2,0.1126661,-15,-15,0,0
321,2,0.01795218,-15,-11,0,0
321,2,0.001737054,-11,-11,0,0
321,2,0.001232647,-13,-11,0,0
321,3,0.1874257,-3,4,24,0
321,3,0.09540656,-15,16,24,0
321,3,0.07731964,-1,2,24,0
321,3,0.02632576,-13,14,24,0
321,3,0.02545946,-11,12,24,0
321,4,0.05534055,-3,-3,4,4
321,4,0.01166323,-15,-15,16,16
324,2,0.0001209908,-13,-13,0,0
324,2,0.000108882,-15,-13,0,0
324,2,6.685306e-05,-15,-15,0,0
324,2,1.065112e-05,-15,-11,0,0
324,2,1.030495e-06,-11,-11,0,0
324,2,7.312562e-07,-13,-11,0,0
324,3,0.3393159,-3,4,24,0
324,3,0.3227454,-1,2,24,0
324,3,0.1197221,-15,16,24,0
324,3,0.1087117,-11,12,24,0
324,3,0.1071165,-13,14,24,0
324,4,0.002079251,-3,-3,4,4
326,2,0.3921258,-13,-13,0,0
326,2,0.35206,-15,-13,0,0
326,2,0.215663,-15,-15,0,0
326,2,0.03444137,-15,-11,0,0
326,2,0.00333985,-11,-11,0,0
326,2,0.002369944,-13,-11,0,0
332,2,0.3915299,-13,-13,0,0
332,2,0.3521816,-15,-13,0,0
332,2,0.2161368,-15,-15,0,0
332,2,0.03445072,-15,-11,0,0
332,2,0.003334686,-11,-11,0,0
332,2,0.002366327,-13,-11,0,0
337,2,0.002634716,-13,-13,0,0
337,2,0.00237064,-15,-13,0,0
337,2,0.001455298,-15,-15,0,0
337,2,0.0002319011,-15,-11,0,0
337,2,2.244032e-05,-11,-11,0,0
337,2,1.592393e-05,-13,-11,0,0
337,3,0.334443,-3,4,24,0
337,3,0.3224669,-1,2,24,0
337,3,0.1129966,-15,16,24,0
337,3,0.1095843,-11,12,24,0
337,3,0.1082177,-13,14,24,0
337,4,0.004581007,-3,-3,4,4
337,4,0.0009795487,-15,-15,16,16
340,2,0.3667061,-13,-13,0,0
340,2,0.3299256,-15,-13,0,0
340,2,0.2025174,-15,-15,0,0
340,2,0.03227343,-15,-11,0,0
340,2,0.003123219,-11,-11,0,0
340,2,0.002216317,-13,-11,0,0
340,3,0.0132577,-3,4,24,0
340,3,0.006930361,-1,2,24,0
340,3,0.006155424,-15,16,24,0
340,3,0.002336921,-11,12,24,0
340,3,0.002323687,-13,14,24,0
340,4,0.02656534,-3,-3,4,4
340,4,0.005668513,-15,-15,16,16
361,2,0.06997483,-13,-13,0,0
361,2,0.06297542,-15,-13,0,0
361,2,0.03866853,-15,-15,0,0
361,2,0.00616032,-15,-11,0,0
361,2,0.00059598,-11,-11,0,0
361,2,0.0004229211,-13,-11,0,0
361,3,0.4217223,-3,4,24,0
361,3,0.2486713,-15,16,24,0
361,3,0.06133067,-1,2,24,0
361,3,0.02114046,-13,14,24,0
361,3,0.02063297,-11,12,24,0
361,4,0.03931588,-3,-3,4,4
361,4,0.008388412,-15,-15,16,16
368,2,0.3916196,-13,-13,0,0
368,2,0.3521651,-15,-13,0,0
368,2,0.2160638,-15,-15,0,0
368,2,0.03444912,-15,-11,0,0
368,2,0.003335465,-11,-11,0,0
368,2,0.002366952,-13,-11,0,0
373,2,0.3915489,-13,-13,0,0
373,2,0.3521799,-15,-13,0,0
373,2,0.216119,-15,-15,0,0
373,2,0.03445085,-15,-11,0,0
373,2,0.003334879,-11,-11,0,0
373,2,0.002366494,-13,-11,0,0
381,2,0.3283023,-13,-13,0,0
381,2,0.295427,-15,-13,0,0
381,2,0.1813793,-15,-15,0,0
381,2,0.02889923,-15,-11,0,0
381,2,0.002796173,-11,-11,0,0
381,2,0.001984227,-13,-11,0,0
381,3,0.06829933,-3,4,24,0
381,3,0.03458185,-15,16,24,0
381,3,0.02967198,-1,2,24,0
381,3,0.00981863,-11,12,24,0
381,3,0.009795728,-13,14,24,0
381,4,0.007437572,-3,-3,4,4
381,4,0.001606752,-15,-15,16,16
383,2,0.0001414304,-13,-13,0,0
383,2,0.0001272797,-15,-13,0,0
383,2,7.814924e-05,-15,-15,0,0
383,2,1.24502e-05,-15,-11,0,0
383,2,1.204558e-06,-11,-11,0,0
383,2,8.547829e-07,-13,-11,0,0
383,3,0.3396932,-3,4,24,0
383,3,0.3241537,-1,2,24,0
383,3,0.1185202,-15,16,24,0
383,3,0.1085316,-11,12,24,0
383,3,0.1070039,-13,14,24,0
383,4,0.00173603,-3,-3,4,4
389,2,0.1357792,-13,-13,0,0
389,2,0.1221573,-15,-13,0,0
389,2,0.07498676,-15,-15,0,0
389,2,0.01194967,-15,-11,0,0
389,2,0.001156427,-11,-11,0,0
389,2,0.0008206174,-13,-11,0,0
389,3,0.2101976,-3,4,24,0
389,3,0.1993976,-1,2,24,0
389,3,0.07158029,-15,16,24,0
389,3,0.06788356,-11,12,24,0
389,3,0.06704907,-13,14,24,0
389,4,0.03048935,-3,-3,4,4
389,4,0.006552523,-15,-15,16,16
404,2,0.3896113,-13,-13,0,0
404,2,0.3504834,-15,-13,0,0
404,2,0.2151157,-15,-15,0,0
404,2,0.03428568,-15,-11,0,0
404,2,0.003318362,-11,-11,0,0
404,2,0.002354794,-13,-11,0,0
404,3,0.000106607,-3,4,24,0
404,3,3.478795e-05,-15,16,24,0
404,4,0.003870561,-3,-3,4,4
404,4,0.0008187018,-15,-15,16,16
422,2,0.3910242,-13,-13,0,0
422,2,0.3518164,-15,-13,0,0
422,2,0.2159664,-15,-15,0,0
422,2,0.034415,-15,-11,0,0
422,2,0.003330439,-11,-11,0,0
422,2,0.002363255,-13,-11,0,0
422,3,0.0004382537,-3,4,24,0
422,3,0.0002254605,-15,16,24,0
422,4,0.000420687,-3,-3,4,4
426,2,0.3398334,-13,-13,0,0
426,2,0.3057717,-15,-13,0,0
426,2,0.18771,-15,-15,0,0
426,2,0.02991111,-15,-11,0,0
426,2,0.002894416,-11,-11,0,0
426,2,0.002053921,-13,-11,0,0
426,3,0.0491256,-3,4,24,0
426,3,0.02400885,-15,16,24,0
426,3,0.02300645,-1,2,24,0
426,3,0.00771803,-11,12,24,0
426,3,0.007684397,-13,14,24,0
426,4,0.01672417,-3,-3,4,4
426,4,0.003557926,-15,-15,16,16
427,2,0.05488108,-13,-13,0,0
427,2,0.0493663,-15,-13,0,0
427,2,0.03029599,-15,-15,0,0
427,2,0.004829002,-15,-11,0,0
427,2,0.0004674306,-11,-11,0,0
427,2,0.0003317027,-13,-11,0,0
427,3,0.001164976,-1,2,24,0
427,3,0.0003926712,-11,12,24,0
427,3,0.0003839322,-13,14,24,0
427,3,0.0003174097,-3,4,24,0
427,4,0.4413236,-3,-1,2,4
427,4,0.283364,-15,-1,2,16
427,4,0.1095676,-3,-3,4,4
427,4,0.02331426,-15,-15,16,16
428,2,0.3500103,-13,-13,0,0
428,2,0.3148444,-15,-13,0,0
428,2,0.1932458,-15,-15,0,0
428,2,0.0307989,-15,-11,0,0
428,2,0.002980951,-11,-11,0,0
428,2,0.002115329,-13,-11,0,0
428,3,0.02791967,-1,2,24,0
428,3,0.02326732,-3,4,24,0
428,3,0.009350097,-11,12,24,0
428,3,0.009213917,-13,14,24,0
428,3,0.006641506,-15,16,24,0
428,4,0.02446422,-3,-3,4,4
428,4,0.005147602,-15,-15,16,16
429,2,0.001523093,-13,-13,0,0
429,2,0.00137049,-15,-13,0,0
429,2,0.0008413486,-15,-15,0,0
429,2,0.0001340624,-15,-11,0,0
429,2,1.297231e-05,-11,-11,0,0
429,2,9.2055e-06,-13,-11,0,0
429,3,0.3344409,-3,4,24,0
429,3,0.3270454,-1,2,24,0
429,3,0.1149526,-15,16,24,0
429,3,0.1084183,-13,14,24,0
429,3,0.105664,-11,12,24,0
429,4,0.004601486,-3,-3,4,4
429,4,0.0009861771,-15,-15,16,16
430,2,0.0001196187,-13,-13,0,0
430,2,0.0001076478,-15,-13,0,0
430,2,6.609603e-05,-15,-15,0,0
430,2,1.053035e-05,-15,-11,0,0
430,2,1.018819e-06,-11,-11,0,0
430,2,7.229394e-07,-13,-11,0,0
430,3,0.3383061,-3,4,24,0
430,3,0.3262355,-1,2,24,0
430,3,0.1167956,-15,16,24,0
430,3,0.1092539,-11,12,24,0
430,3,0.1077675,-13,14,24,0
430,4,0.001335747,-3,-3,4,4
434,2,0.3881093,-13,-13,0,0
434,2,0.3491393,-15,-13,0,0
434,2,0.2142858,-15,-15,0,0
434,2,0.03415303,-15,-11,0,0
434,2,0.003305545,-11,-11,0,0
434,2,0.002345662,-13,-11,0,0
434,3,0.0001120573,-3,4,24,0
434,3,4.521755e-05,-15,16,24,0
434,4,0.007026319,-3,-3,4,4
434,4,0.001477839,-15,-15,16,16
435,2,7.494088e-05,-13,-13,0,0
435,2,6.743597e-05,-15,-13,0,0
435,2,4.140149e-05,-15,-15,0,0
435,2,6.596666e-06,-15,-11,0,0
435,2,6.382737e-07,-11,-11,0,0
435,2,4.529392e-07,-13,-11,0,0
435,3,0.3367069,-3,4,24,0
435,3,0.3295051,-1,2,24,0
435,3,0.1151318,-15,16,24,0
435,3,0.1097778,-13,14,24,0
435,3,0.106816,-11,12,24,0
435,4,0.001871031,-3,-3,4,4
438,2,0.2014387,-13,-13,0,0
438,2,0.1812703,-15,-13,0,0
438,2,0.1112924,-15,-15,0,0
438,2,0.01773221,-15,-11,0,0
438,2,0.001715681,-11,-11,0,0
438,2,0.00121748,-13,-11,0,0
438,3,0.1982011,-3,4,24,0
438,3,0.1009812,-1,2,24,0
438,3,0.09562783,-15,16,24,0
438,3,0.03392039,-11,12,24,0
438,3,0.03350741,-13,14,24,0
438,4,0.01903154,-3,-3,4,4
438,4,0.004063769,-15,-15,16,16
450,2,0.3917178,-13,-13,0,0
450,2,0.3521451,-15,-13,0,0
450,2,0.2159858,-15,-15,0,0
450,2,0.03444756,-15,-11,0,0
450,2,0.003336295,-11,-11,0,0
450,2,0.00236748,-13,-11,0,0
454,2,0.3922198,-13,-13,0,0
454,2,0.3520443,-15,-13,0,0
454,2,0.2155869,-15,-15,0,0
454,2,0.03443781,-15,-11,0,0
454,2,0.00334064,-11,-11,0,0
454,2,0.002370588,-13,-11,0,0
458,2,0.02922944,-13,-13,0,0
458,2,0.02629499,-15,-13,0,0
458,2,0.01613858,-15,-15,0,0
458,2,0.002572237,-15,-11,0,0
458,2,0.0002489466,-11,-11,0,0
458,2,0.0001766557,-13,-11,0,0
458,3,0.3046655,-1,2,24,0
458,3,0.2724044,-3,4,24,0
458,3,0.1011092,-13,14,24,0
458,3,0.09854044,-11,12,24,0
458,3,0.08286834,-15,16,24,0
458,4,0.05406702,-3,-3,4,4
458,4,0.01168428,-15,-15,16,16
467,2,0.391736,-13,-13,0,0
467,2,0.3521375,-15,-13,0,0
467,2,0.2159742,-15,-15,0,0
467,2,0.03444796,-15,-11,0,0
467,2,0.00333655,-11,-11,0,0
467,2,0.002367671,-13,-11,0,0
473,2,0.3915566,-13,-13,0,0
473,2,0.3521736,-15,-13,0,0
473,2,0.2161177,-15,-15,0,0
473,2,0.03445052,-15,-11,0,0
473,2,0.003335018,-11,-11,0,0
473,2,0.002366588,-13,-11,0,0
483,2,0.001128258,-13,-13,0,0
483,2,0.001015212,-15,-13,0,0
483,2,0.0006232915,-15,-15,0,0
483,2,9.931195e-05,-15,-11,0,0
483,2,9.609846e-06,-11,-11,0,0
483,2,6.819185e-06,-13,-11,0,0
483,3,0.3480318,-3,4,24,0
483,3,0.3042289,-1,2,24,0
483,3,0.1281568,-15,16,24,0
483,3,0.1029462,-13,14,24,0
483,3,0.1001536,-11,12,24,0
483,4,0.01121563,-3,-3,4,4
483,4,0.002384577,-15,-15,16,16
494,2,0.0001538544,-13,-13,0,0
494,2,0.0001384618,-15,-13,0,0
494,2,8.501914e-05,-15,-15,0,0
494,2,1.354511e-05,-15,-11,0,0
494,2,1.310429e-06,-11,-11,0,0
494,2,9.299084e-07,-13,-11,0,0
494,3,0.359158,-3,4,24,0
494,3,0.2966524,-1,2,24,0
494,3,0.1378452,-15,16,24,0
494,3,0.09894032,-13,14,24,0
494,3,0.09887559,-11,12,24,0
494,4,0.006693742,-3,-3,4,4
494,4,0.001441544,-15,-15,16,16
495,2,0.0001055436,-13,-13,0,0
495,2,9.496884e-05,-15,-13,0,0
495,2,5.83045e-05,-15,-15,0,0
495,2,9.290213e-06,-15,-11,0,0
495,2,8.989563e-07,-11,-11,0,0
495,2,6.378938e-07,-13,-11,0,0
495,3,0.3363081,-3,4,24,0
495,3,0.3272346,-1,2,24,0
495,3,0.1141264,-15,16,24,0
495,3,0.1103798,-13,14,24,0
495,3,0.1075978,-11,12,24,0
495,4,0.003366117,-3,-3,4,4
495,4,0.0007175682,-15,-15,16,16
497,2,0.3639273,-13,-13,0,0
497,2,0.3274372,-15,-13,0,0
497,2,0.201003,-15,-15,0,0
497,2,0.03203085,-15,-11,0,0
497,2,0.003099642,-11,-11,0,0
497,2,0.002199537,-13,-11,0,0
497,3,0.01977984,-3,4,24,0
497,3,0.01116511,-15,16,24,0
497,3,0.003806808,-1,2,24,0
497,3,0.001301369,-13,14,24,0
497,3,0.001284821,-11,12,24,0
497,4,0.02706569,-3,-3,4,4
497,4,0.005898862,-15,-15,16,16
506,2,0.3915504,-13,-13,0,0
506,2,0.3521801,-15,-13,0,0
506,2,0.2161169,-15,-15,0,0
506,2,0.03445099,-15,-11,0,0
506,2,0.003334959,-11,-11,0,0
506,2,0.002366559,-13,-11,0,0
512,2,0.3559879,-13,-13,0,0
512,2,0.3203117,-15,-13,0,0
512,2,0.1966387,-15,-15,0,0
512,2,0.03133367,-15,-11,0,0
512,2,0.003032007,-11,-11,0,0
512,2,0.002151545,-13,-11,0,0
512,3,0.03511312,-3,4,24,0
512,3,0.01899546,-15,16,24,0
512,3,0.01152766,-1,2,24,0
512,3,0.003881354,-13,14,24,0
512,3,0.003731372,-11,12,24,0
512,4,0.01424851,-3,-3,4,4
512,4,0.003047044,-15,-15,16,16
516,2,0.2300702,-13,-13,0,0
516,2,0.2070481,-15,-13,0,0
516,2,0.1271269,-15,-15,0,0
516,2,0.02025383,-15,-11,0,0
516,2,0.001959529,-11,-11,0,0
516,2,0.001390537,-13,-11,0,0
516,3,0.2260587,-3,4,24,0
516,3,0.1434273,-15,16,24,0
516,3,0.001462486,-1,2,24,0
516,3,0.000995269,-13,14,24,0
516,4,0.03298516,-3,-3,4,4
516,4,0.00722209,-15,-15,16,16
520,2,0.3815283,-13,-13,0,0
520,2,0.3432839,-15,-13,0,0
520,2,0.2107485,-15,-15,0,0
520,2,0.03358308,-15,-11,0,0
520,2,0.00324967,-11,-11,0,0
520,2,0.002305939,-13,-11,0,0
520,3,0.009910389,-3,4,24,0
520,3,0.005158733,-15,16,24,0
520,3,0.003713277,-1,2,24,0
520,3,0.001244159,-11,12,24,0
520,3,0.001240843,-13,14,24,0
520,4,0.003334307,-3,-3,4,4
520,4,0.0006988528,-15,-15,16,16
532,2,0.1628472,-13,-13,0,0
532,2,0.1465358,-15,-13,0,0
532,2,0.08996766,-15,-15,0,0
532,2,0.01433426,-15,-11,0,0
532,2,0.001386979,-11,-11,0,0
532,2,0.0009842542,-13,-11,0,0
532,3,0.2103456,-3,4,24,0
532,3,0.1671467,-1,2,24,0
532,3,0.08405978,-15,16,24,0
532,3,0.05528535,-13,14,24,0
532,3,0.05470319,-11,12,24,0
532,4,0.01021443,-3,-3,4,4
532,4,0.002188818,-15,-15,16,16
534,2,0.3917152,-13,-13,0,0
534,2,0.352145,-15,-13,0,0
534,2,0.2159878,-15,-15,0,0
534,2,0.03444829,-15,-11,0,0
534,2,0.003336283,-11,-11,0,0
534,2,0.002367479,-13,-11,0,0
535,2,0.01648121,-13,-13,0,0
535,2,0.01483216,-15,-13,0,0
535,2,0.009106798,-15,-15,0,0
535,2,0.001450895,-15,-11,0,0
535,2,0.0001403696,-11,-11,0,0
535,2,9.96112e-05,-13,-11,0,0
535,3,0.4926771,-3,4,24,0
535,3,0.3051187,-15,16,24,0
535,3,0.05186024,-1,2,24,0
535,3,0.01838223,-13,14,24,0
535,3,0.01727447,-11,12,24,0
535,4,0.05985104,-3,-3,4,4
535,4,0.01272519,-15,-15,16,16
541,2,0.3133108,-13,-13,0,0
541,2,0.2819056,-15,-13,0,0
541,2,0.1730485,-15,-15,0,0
541,2,0.0275755,-15,-11,0,0
541,2,0.002668551,-11,-11,0,0
541,2,0.00189365,-13,-11,0,0
541,3,0.06245246,-3,4,24,0
541,3,0.03105872,-15,16,24,0
541,3,0.02670469,-1,2,24,0
541,3,0.008975559,-13,14,24,0
541,3,0.008973768,-11,12,24,0
541,4,0.05056168,-3,-3,4,4
541,4,0.01087049,-15,-15,16,16
544,2,4.243865e-05,-13,-13,0,0
544,2,3.819354e-05,-15,-13,0,0
544,2,2.34516e-05,-15,-15,0,0
544,2,3.736143e-06,-15,-11,0,0
544,2,3.614549e-07,-11,-11,0,0
544,2,2.564951e-07,-13,-11,0,0
544,3,0.3712448,-3,4,24,0
544,3,0.2779405,-1,2,24,0
544,3,0.151881,-15,16,24,0
544,3,0.09414538,-13,14,24,0
544,3,0.09208752,-11,12,24,0
544,4,0.0103679,-3,-3,4,4
544,4,0.002224506,-15,-15,16,16
545,2,0.391932,-13,-13,0,0
545,2,0.352101,-15,-13,0,0
545,2,0.2158164,-15,-15,0,0
545,2,0.03444374,-15,-11,0,0
545,2,0.003338126,-11,-11,0,0
545,2,0.002368709,-13,-11,0,0
546,2,0.000271509,-13,-13,0,0
546,2,0.0002442986,-15,-13,0,0
546,2,0.0001499736,-15,-15,0,0
546,2,2.389717e-05,-15,-11,0,0
546,2,2.312459e-06,-11,-11,0,0
546,2,1.64103e-06,-13,-11,0,0
546,3,0.3328245,-3,4,24,0
546,3,0.3269026,-1,2,24,0
546,3,0.1136584,-15,16,24,0
546,3,0.1103717,-11,12,24,0
546,3,0.1090399,-13,14,24,0
546,4,0.005353016,-3,-3,4,4
546,4,0.00115623,-15,-15,16,16
553,2,0.391894,-13,-13,0,0
553,2,0.3521119,-15,-13,0,0
553,2,0.2158432,-15,-15,0,0
553,2,0.03444439,-15,-11,0,0
553,2,0.003337838,-11,-11,0,0
553,2,0.002368595,-13,-11,0,0
554,2,0.2878013,-13,-13,0,0
554,2,0.2589409,-15,-13,0,0
554,2,0.1589529,-15,-15,0,0
554,2,0.02533014,-15,-11,0,0
554,2,0.00245127,-11,-11,0,0
554,2,0.001739412,-13,-11,0,0
554,3,0.07602879,-3,4,24,0
554,3,0.04071613,-15,16,24,0
554,3,0.02235573,-1,2,24,0
554,3,0.00755753,-11,12,24,0
554,3,0.007543809,-13,14,24,0
554,4,0.09067407,-3,-3,4,4
554,4,0.01990807,-15,-15,16,16
559,2,0.07460908,-13,-13,0,0
559,2,0.06714277,-15,-13,0,0
559,2,0.04122463,-15,-15,0,0
559,2,0.006567928,-15,-11,0,0
559,2,0.0006354527,-11,-11,0,0
559,2,0.0004509344,-13,-11,0,0
559,3,0.419459,-3,4,24,0
559,3,0.2564684,-15,16,24,0
559,3,0.04087392,-1,2,24,0
559,3,0.01467345,-13,14,24,0
559,3,0.01347686,-11,12,24,0
559,4,0.05318286,-3,-3,4,4
559,4,0.01123476,-15,-15,16,16
569,2,0.361834,-13,-13,0,0
569,2,0.3255144,-15,-13,0,0
569,2,0.199787,-15,-15,0,0
569,2,0.03184191,-15,-11,0,0
569,2,0.003081815,-11,-11,0,0
569,2,0.002186926,-13,-11,0,0
569,3,0.003212923,-3,4,24,0
569,3,0.002806435,-1,2,24,0
569,3,0.001132069,-15,16,24,0
569,3,0.0009389914,-11,12,24,0
569,3,0.00092495,-13,14,24,0
569,4,0.05456047,-3,-3,4,4
569,4,0.01217809,-15,-15,16,16
575,2,0.3915215,-13,-13,0,0
575,2,0.3521839,-15,-13,0,0
575,2,0.2161419,-15,-15,0,0
575,2,0.03445164,-15,-11,0,0
575,2,0.003334658,-11,-11,0,0
575,2,0.002366319,-13,-11,0,0
576,2,0.0002017311,-13,-13,0,0
576,2,0.0001815487,-15,-13,0,0
576,2,0.0001114683,-15,-15,0,0
576,2,1.775935e-05,-15,-11,0,0
576,2,1.718242e-06,-11,-11,0,0
576,2,1.2193e-06,-13,-11,0,0
576,3,0.3362804,-3,4,24,0
576,3,0.3281658,-1,2,24,0
576,3,0.115715,-15,16,24,0
576,3,0.1099661,-11,12,24,0
576,3,0.1080962,-13,14,24,0
576,4,0.001261042,-3,-3,4,4
581,2,0.0004366966,-13,-13,0,0
581,2,0.0003929226,-15,-13,0,0
581,2,0.000241208,-15,-15,0,0
581,2,3.843559e-05,-15,-11,0,0
581,2,3.719373e-06,-11,-11,0,0
581,2,2.639323e-06,-13,-11,0,0
581,3,0.3346818,-1,2,24,0
581,3,0.3310491,-3,4,24,0
581,3,0.1110917,-13,14,24,0
581,3,0.110494,-15,16,24,0
581,3,0.1083066,-11,12,24,0
581,4,0.002685828,-3,-3,4,4
581,4,0.0005754002,-15,-15,16,16
582,2,0.3870037,-13,-13,0,0
582,2,0.3482193,-15,-13,0,0
582,2,0.2137688,-15,-15,0,0
582,2,0.03406305,-15,-11,0,0
582,2,0.003296109,-11,-11,0,0
582,2,0.002338995,-13,-11,0,0
582,3,0.005542971,-3,4,24,0
582,3,0.003332008,-15,16,24,0
582,4,0.00243499,-3,-3,4,4
584,2,0.3846,-13,-13,0,0
584,2,0.3459551,-15,-13,0,0
584,2,0.2123136,-15,-15,0,0
584,2,0.03384219,-15,-11,0,0
584,2,0.003275647,-11,-11,0,0
584,2,0.002324437,-13,-11,0,0
584,3,0.001812331,-1,2,24,0
584,3,0.001131511,-3,4,24,0
584,4,0.01214982,-3,-3,4,4
584,4,0.002595324,-15,-15,16,16
585,2,0.3923691,-13,-13,0,0
585,2,0.3520128,-15,-13,0,0
585,2,0.2154691,-15,-15,0,0
585,2,0.03443554,-15,-11,0,0
585,2,0.003341958,-11,-11,0,0
585,2,0.002371524,-13,-11,0,0
587,2,0.06290021,-13,-13,0,0
587,2,0.05657579,-15,-13,0,0
587,2,0.03471953,-15,-15,0,0
587,2,0.005534349,-15,-11,0,0
587,2,0.0005357232,-11,-11,0,0
587,2,0.000380161,-13,-11,0,0
587,4,0.2823638,-3,-1,2,4
587,4,0.1140469,-15,-3,4,16
587,4,0.105017,-15,-1,2,16
587,4,0.09465734,-13,-3,4,14
587,4,0.09454594,-11,-3,4,12
587,4,0.07072844,-3,-3,4,4
587,4,0.0347244,-15,-11,12,16
587,4,0.03467288,-15,-13,14,16
587,4,0.008597554,-15,-15,16,16
589,2,0.3801133,-13,-13,0,0
589,2,0.3419852,-15,-13,0,0
589,2,0.2099211,-15,-15,0,0
589,2,0.03345347,-15,-11,0,0
589,2,0.003237517,-11,-11,0,0
589,2,0.002297353,-13,-11,0,0
589,3,0.007023548,-3,4,24,0
589,3,0.004617862,-1,2,24,0
589,3,0.003054982,-15,16,24,0
589,3,0.001535696,-13,14,24,0
589,3,0.001489987,-11,12,24,0
589,4,0.00930308,-3,-3,4,4
589,4,0.001966916,-15,-15,16,16
592,2,0.2869871,-13,-13,0,0
592,2,0.2582453,-15,-13,0,0
592,2,0.1585536,-15,-15,0,0
592,2,0.02526213,-15,-11,0,0
592,2,0.002444209,-11,-11,0,0
592,2,0.001734468,-13,-11,0,0
592,3,0.126347,-3,4,24,0
592,3,0.07172525,-15,16,24,0
592,3,0.0293906,-1,2,24,0
592,3,0.009925555,-13,14,24,0
592,3,0.009841021,-11,12,24,0
592,4,0.01609416,-3,-3,4,4
592,4,0.003449499,-15,-15,16,16
593,2,0.04725733,-13,-13,0,0
593,2,0.04252785,-15,-13,0,0
593,2,0.0261114,-15,-15,0,0
593,2,0.00416015,-15,-11,0,0
593,2,0.0004024993,-11,-11,0,0
593,2,0.0002856192,-13,-11,0,0
593,3,0.4525596,-3,4,24,0
593,3,0.276626,-15,16,24,0
593,3,0.04061173,-1,2,24,0
593,3,0.01437765,-13,14,24,0
593,3,0.01374033,-11,12,24,0
593,4,0.06686661,-3,-3,4,4
593,4,0.0144733,-15,-15,16,16
599,2,0.2805032,-13,-13,0,0
599,2,0.2524381,-15,-13,0,0
599,2,0.1550001,-15,-15,0,0
599,2,0.02469475,-15,-11,0,0
599,2,0.002389091,-11,-11,0,0
599,2,0.001695363,-13,-11,0,0
599,3,0.1483245,-3,4,24,0
599,3,0.09055301,-15,16,24,0
599,3,0.01507933,-1,2,24,0
599,3,0.005280037,-13,14,24,0
599,3,0.005043429,-11,12,24,0
599,4,0.01566591,-3,-3,4,4
599,4,0.003333154,-15,-15,16,16
602,2,1.979277e-05,-13,-13,0,0
602,2,1.781194e-05,-15,-13,0,0
602,2,1.093642e-05,-15,-15,0,0
602,2,1.742387e-06,-15,-11,0,0
602,2,1.685784e-07,-11,-11,0,0
602,2,1.196259e-07,-13,-11,0,0
602,3,0.3457443,-3,4,24,0
602,3,0.3141165,-1,2,24,0
602,3,0.1260901,-15,16,24,0
602,3,0.1053837,-11,12,24,0
602,3,0.102706,-13,14,24,0
602,4,0.004856276,-3,-3,4,4
602,4,0.001052617,-15,-15,16,16
605,2,0.3924915,-13,-13,0,0
605,2,0.3519881,-15,-13,0,0
605,2,0.2153727,-15,-15,0,0
605,2,0.03443243,-15,-11,0,0
605,2,0.003343063,-11,-11,0,0
605,2,0.002372264,-13,-11,0,0
609,2,0.3781893,-13,-13,0,0
609,2,0.3402294,-15,-13,0,0
609,2,0.2088403,-15,-15,0,0
609,2,0.03328147,-15,-11,0,0
609,2,0.003220956,-11,-11,0,0
609,2,0.002285658,-13,-11,0,0
609,3,0.004793958,-3,4,24,0
609,3,0.004035766,-1,2,24,0
609,3,0.001797961,-15,16,24,0
609,3,0.001341978,-13,14,24,0
609,3,0.001304159,-11,12,24,0
609,4,0.01702859,-3,-3,4,4
609,4,0.003650524,-15,-15,16,16
614,2,0.0002397589,-13,-13,0,0
614,2,0.0002157797,-15,-13,0,0
614,2,0.0001324946,-15,-15,0,0
614,2,2.110747e-05,-15,-11,0,0
614,2,2.042108e-06,-11,-11,0,0
614,2,1.449049e-06,-13,-11,0,0
614,3,0.3514627,-3,4,24,0
614,3,0.3067369,-1,2,24,0
614,3,0.1314318,-15,16,24,0
614,3,0.103476,-11,12,24,0
614,3,0.1017235,-13,14,24,0
614,4,0.004556603,-3,-3,4,4
616,2,0.09936523,-13,-13,0,0
616,2,0.08941467,-15,-13,0,0
616,2,0.05489736,-15,-15,0,0
616,2,0.008746996,-15,-11,0,0
616,2,0.0008463343,-11,-11,0,0
616,2,0.0006005431,-13,-11,0,0
616,3,0.3268614,-3,4,24,0
616,3,0.1753198,-15,16,24,0
616,3,0.111599,-1,2,24,0
616,3,0.03767009,-13,14,24,0
616,3,0.03621095,-11,12,24,0
616,4,0.04820448,-3,-3,4,4
616,4,0.01026311,-15,-15,16,16
617,2,0.007594216,-13,-13,0,0
617,2,0.006834595,-15,-13,0,0
617,2,0.004196478,-15,-15,0,0
617,2,0.0006685705,-15,-11,0,0
617,2,6.468157e-05,-11,-11,0,0
617,2,4.59006e-05,-13,-11,0,0
617,3,0.471061,-3,4,24,0
617,3,0.2651848,-15,16,24,0
617,3,0.1163941,-1,2,24,0
617,3,0.03943723,-13,14,24,0
617,3,0.03885045,-11,12,24,0
617,4,0.04082315,-3,-3,4,4
617,4,0.008844817,-15,-15,16,16
621,2,0.01711496,-13,-13,0,0
621,2,0.01540085,-15,-13,0,0
621,2,0.009454996,-15,-15,0,0
621,2,0.001506524,-15,-11,0,0
621,2,0.0001457716,-11,-11,0,0
621,2,0.0001034428,-13,-11,0,0
621,3,0.380812,-3,4,24,0
621,3,0.1952017,-1,2,24,0
621,3,0.1830805,-15,16,24,0
621,3,0.06588968,-11,12,24,0
621,3,0.06517701,-13,14,24,0
621,4,0.05444715,-3,-3,4,4
621,4,0.01166542,-15,-15,16,16
622,2,0.3915549,-13,-13,0,0
622,2,0.3521771,-15,-13,0,0
622,2,0.2161159,-15,-15,0,0
622,2,0.03445075,-15,-11,0,0
622,2,0.00333489,-11,-11,0,0
622,2,0.002366516,-13,-11,0,0
627,2,0.3921156,-13,-13,0,0
627,2,0.3520608,-15,-13,0,0
627,2,0.2156746,-15,-15,0,0
627,2,0.03443952,-15,-11,0,0
627,2,0.003339618,-11,-11,0,0
627,2,0.00236985,-13,-11,0,0
628,2,0.07649727,-13,-13,0,0
628,2,0.06884089,-15,-13,0,0
628,2,0.0422676,-15,-15,0,0
628,2,0.006734126,-15,-11,0,0
628,2,0.0006515296,-11,-11,0,0
628,2,0.0004623471,-13,-11,0,0
628,3,0.4054063,-3,4,24,0
628,3,0.2462031,-15,16,24,0
628,3,0.05541465,-1,2,24,0
628,3,0.01914958,-13,14,24,0
628,3,0.01789589,-11,12,24,0
628,4,0.04974051,-3,-3,4,4
628,4,0.01073621,-15,-15,16,16
631,2,0.1024218,-13,-13,0,0
631,2,0.09217396,-15,-13,0,0
631,2,0.05659615,-15,-15,0,0
631,2,0.009016685,-15,-11,0,0
631,2,0.0008723272,-11,-11,0,0
631,2,0.0006190271,-13,-11,0,0
631,3,0.3574387,-3,4,24,0
631,3,0.2008553,-15,16,24,0
631,3,0.08478231,-1,2,24,0
631,3,0.02874209,-13,14,24,0
631,3,0.02856304,-11,12,24,0
631,4,0.03120549,-3,-3,4,4
631,4,0.00671313,-15,-15,16,16
632,2,0.3920152,-13,-13,0,0
632,2,0.3520856,-15,-13,0,0
632,2,0.2157489,-15,-15,0,0
632,2,0.0344421,-15,-11,0,0
632,2,0.003338902,-11,-11,0,0
632,2,0.002369325,-13,-11,0,0
633,2,0.07672098,-13,-13,0,0
633,2,0.06903225,-15,-13,0,0
633,2,0.04237859,-15,-15,0,0
633,2,0.006752864,-15,-11,0,0
633,2,0.0006534393,-11,-11,0,0
633,2,0.0004636952,-13,-11,0,0
633,3,0.2987641,-3,4,24,0
633,3,0.1484552,-15,16,24,0
633,3,0.1330571,-1,2,24,0
633,3,0.04497713,-11,12,24,0
633,3,0.04455726,-13,14,24,0
633,4,0.1105806,-3,-3,4,4
633,4,0.02360679,-15,-15,16,16
634,2,0.2563124,-13,-13,0,0
634,2,0.2306313,-15,-13,0,0
634,2,0.1415869,-15,-15,0,0
634,2,0.02256021,-15,-11,0,0
634,2,0.002183036,-11,-11,0,0
634,2,0.001549131,-13,-11,0,0
634,3,0.1340523,-3,4,24,0
634,3,0.07083155,-15,16,24,0
634,3,0.04642037,-1,2,24,0
634,3,0.01587984,-13,14,24,0
634,3,0.01528797,-11,12,24,0
634,4,0.05169912,-3,-3,4,4
634,4,0.01100596,-15,-15,16,16
642,2,0.0002995415,-13,-13,0,0
642,2,0.0002695019,-15,-13,0,0
642,2,0.0001654382,-15,-15,0,0
642,2,2.636318e-05,-15,-11,0,0
642,2,2.55116e-06,-11,-11,0,0
642,2,1.810367e-06,-13,-11,0,0
642,3,0.3371323,-1,2,24,0
642,3,0.3291126,-3,4,24,0
642,3,0.1118795,-13,14,24,0
642,3,0.1091153,-15,16,24,0
642,3,0.1089458,-11,12,24,0
642,4,0.002517675,-3,-3,4,4
642,4,0.0005315353,-15,-15,16,16
646,2,0.3788605,-13,-13,0,0
646,2,0.3409162,-15,-13,0,0
646,2,0.2093088,-15,-15,0,0
646,2,0.03334907,-15,-11,0,0
646,2,0.003226795,-11,-11,0,0
646,2,0.002289803,-13,-11,0,0
646,3,0.01698458,-3,4,24,0
646,3,0.01062212,-15,16,24,0
646,4,0.003655461,-3,-3,4,4
646,4,0.000786559,-15,-15,16,16
647,2,0.39175,-13,-13,0,0
647,2,0.3521355,-15,-13,0,0
647,2,0.215963,-15,-15,0,0
647,2,0.03444704,-15,-11,0,0
647,2,0.003336664,-11,-11,0,0
647,2,0.002367779,-13,-11,0,0
665,2,0.3923271,-13,-13,0,0
665,2,0.3520233,-15,-13,0,0
665,2,0.2155009,-15,-15,0,0
665,2,0.03443597,-15,-11,0,0
665,2,0.00334155,-11,-11,0,0
665,2,0.002371219,-13,-11,0,0
668,2,3.956524e-05,-13,-13,0,0
668,2,3.5603e-05,-15,-13,0,0
668,2,2.185825e-05,-15,-15,0,0
668,2,3.482784e-06,-15,-11,0,0
668,2,3.369808e-07,-11,-11,0,0
668,2,2.391264e-07,-13,-11,0,0
668,3,0.3429739,-3,4,24,0
668,3,0.3183565,-1,2,24,0
668,3,0.1177491,-15,16,24,0
668,3,0.1092913,-13,14,24,0
668,3,0.1076369,-11,12,24,0
668,4,0.003201295,-3,-3,4,4
668,4,0.0006899043,-15,-15,16,16
669,2,0.3225289,-13,-13,0,0
669,2,0.290255,-15,-13,0,0
669,2,0.1782112,-15,-15,0,0
669,2,0.02839412,-15,-11,0,0
669,2,0.002747029,-11,-11,0,0
669,2,0.001949331,-13,-11,0,0
669,3,0.0849529,-3,4,24,0
669,3,0.04912319,-15,16,24,0
669,3,0.01894291,-1,2,24,0
669,3,0.006359695,-13,14,24,0
669,3,0.006181529,-11,12,24,0
669,4,0.008551679,-3,-3,4,4
669,4,0.001802508,-15,-15,16,16
671,2,0.3824712,-13,-13,0,0
671,2,0.3440897,-15,-13,0,0
671,2,0.2112072,-15,-15,0,0
671,2,0.03365932,-15,-11,0,0
671,2,0.003257555,-11,-11,0,0
671,2,0.002311599,-13,-11,0,0
671,3,0.002366687,-3,4,24,0
671,3,0.001282729,-1,2,24,0
671,3,0.001070897,-15,16,24,0
671,4,0.01509421,-3,-3,4,4
671,4,0.003188932,-15,-15,16,16
676,2,0.07948873,-13,-13,0,0
676,2,0.07151865,-15,-13,0,0
676,2,0.04390276,-15,-15,0,0
676,2,0.006996053,-15,-11,0,0
676,2,0.0006770084,-11,-11,0,0
676,2,0.000480428,-13,-11,0,0
676,3,0.2656966,-3,4,24,0
676,3,0.261577,-1,2,24,0
676,3,0.08907812,-15,16,24,0
676,3,0.08627595,-13,14,24,0
676,3,0.0856111,-11,12,24,0
676,4,0.007122293,-3,-3,4,4
676,4,0.001575274,-15,-15,16,16
679,2,0.02920718,-13,-13,0,0
679,2,0.02627162,-15,-13,0,0
679,2,0.01612283,-15,-15,0,0
679,2,0.002569969,-15,-11,0,0
679,2,0.0002487469,-11,-11,0,0
679,2,0.0001765219,-13,-11,0,0
679,3,0.003981064,-1,2,24,0
679,3,0.001376577,-3,4,24,0
679,3,0.001339596,-11,12,24,0
679,3,0.001315099,-13,14,24,0
679,3,0.0001398746,-15,16,24,0
679,4,0.4708038,-3,-1,2,4
679,4,0.3041684,-15,-1,2,16
679,4,0.1175204,-3,-3,4,4
679,4,0.02475828,-15,-15,16,16
684,2,0.3917334,-13,-13,0,0
684,2,0.3521394,-15,-13,0,0
684,2,0.2159758,-15,-15,0,0
684,2,0.0344473,-15,-11,0,0
684,2,0.003336451,-11,-11,0,0
684,2,0.002367633,-13,-11,0,0
687,2,0.3777049,-13,-13,0,0
687,2,0.3398211,-15,-13,0,0
687,2,0.208594,-15,-15,0,0
687,2,0.03324185,-15,-11,0,0
687,2,0.003216975,-11,-11,0,0
687,2,0.002282792,-13,-11,0,0
687,3,0.006752727,-3,4,24,0
687,3,0.003417356,-15,16,24,0
687,3,0.002595638,-1,2,24,0
687,3,0.0008759235,-11,12,24,0
687,3,0.0008752478,-13,14,24,0
687,4,0.01698467,-3,-3,4,4
687,4,0.003636806,-15,-15,16,16
688,2,0.3806899,-13,-13,0,0
688,2,0.3424793,-15,-13,0,0
688,2,0.2102093,-15,-15,0,0
688,2,0.03350139,-15,-11,0,0
688,2,0.003242406,-11,-11,0,0
688,2,0.002300905,-13,-11,0,0
688,3,0.001329611,-3,4,24,0
688,3,0.0007954102,-1,2,24,0
688,3,0.0005700663,-15,16,24,0
688,4,0.02057912,-3,-3,4,4
688,4,0.004302629,-15,-15,16,16
696,2,0.3918758,-13,-13,0,0
696,2,0.3521153,-15,-13,0,0
696,2,0.2158579,-15,-15,0,0
696,2,0.03444496,-15,-11,0,0
696,2,0.003337602,-11,-11,0,0
696,2,0.002368469,-13,-11,0,0
697,2,0.0002192666,-13,-13,0,0
697,2,0.0001972991,-15,-13,0,0
697,2,0.0001211277,-15,-15,0,0
697,2,1.929996e-05,-15,-11,0,0
697,2,1.867494e-06,-11,-11,0,0
697,2,1.325251e-06,-13,-11,0,0
697,3,0.3328676,-3,4,24,0
697,3,0.3305901,-1,2,24,0
697,3,0.1134529,-15,16,24,0
697,3,0.1114103,-11,12,24,0
697,3,0.1093933,-13,14,24,0
697,4,0.001725589,-3,-3,4,4
702,2,0.3916125,-13,-13,0,0
702,2,0.3521676,-15,-13,0,0
702,2,0.2160681,-15,-15,0,0
702,2,0.03444944,-15,-11,0,0
702,2,0.003335501,-11,-11,0,0
702,2,0.002366866,-13,-11,0,0
705,2,0.3918621,-13,-13,0,0
705,2,0.3521072,-15,-13,0,0
705,2,0.21588,-15,-15,0,0
705,2,0.03444477,-15,-11,0,0
705,2,0.003337587,-11,-11,0,0
705,2,0.002368349,-13,-11,0,0
708,2,0.3917894,-13,-13,0,0
708,2,0.3521345,-15,-13,0,0
708,2,0.2159242,-15,-15,0,0
708,2,0.03444692,-15,-11,0,0
708,2,0.003337045,-11,-11,0,0
708,2,0.002368004,-13,-11,0,0
709,2,0.3709259,-13,-13,0,0
709,2,0.3337345,-15,-13,0,0
709,2,0.2048628,-15,-15,0,0
709,2,0.03264604,-15,-11,0,0
709,2,0.00315923,-11,-11,0,0
709,2,0.002241892,-13,-11,0,0
709,3,0.01311674,-3,4,24,0
709,3,0.007006495,-15,16,24,0
709,3,0.003807025,-1,2,24,0
709,3,0.001288184,-13,14,24,0
709,3,0.001283979,-11,12,24,0
709,4,0.02134182,-3,-3,4,4
709,4,0.004585488,-15,-15,16,16
715,2,0.3752766,-13,-13,0,0
715,2,0.3376871,-15,-13,0,0
715,2,0.2073176,-15,-15,0,0
715,2,0.03303334,-15,-11,0,0
715,2,0.003196272,-11,-11,0,0
715,2,0.002268136,-13,-11,0,0
715,3,0.02053928,-3,4,24,0
715,3,0.0131633,-15,16,24,0
715,4,0.006191224,-3,-3,4,4
715,4,0.001327154,-15,-15,16,16
719,2,0.01548859,-13,-13,0,0
719,2,0.01393399,-15,-13,0,0
719,2,0.008552233,-15,-15,0,0
719,2,0.001363001,-15,-11,0,0
719,2,0.0001319191,-11,-11,0,0
719,2,9.361378e-05,-13,-11,0,0
719,3,0.2648562,-1,2,24,0
719,3,0.2532184,-3,4,24,0
719,3,0.08949809,-11,12,24,0
719,3,0.08801683,-13,14,24,0
719,3,0.07980476,-15,16,24,0
719,4,0.1520102,-3,-3,4,4
719,4,0.03303212,-15,-15,16,16
727,2,0.3912737,-13,-13,0,0
727,2,0.3519719,-15,-13,0,0
727,2,0.216021,-15,-15,0,0
727,2,0.03443083,-15,-11,0,0
727,2,0.003332555,-11,-11,0,0
727,2,0.002364856,-13,-11,0,0
727,4,0.0006051306,-3,-3,4,4
728,2,0.234616,-13,-13,0,0
728,2,0.2111327,-15,-13,0,0
728,2,0.1296392,-15,-15,0,0
728,2,0.02065396,-15,-11,0,0
728,2,0.001998253,-11,-11,0,0
728,2,0.001417968,-13,-11,0,0
728,3,0.1935619,-3,4,24,0
728,3,0.111342,-15,16,24,0
728,3,0.04458489,-1,2,24,0
728,3,0.01493863,-13,14,24,0
728,3,0.01474972,-11,12,24,0
728,4,0.01757741,-3,-3,4,4
728,4,0.003787394,-15,-15,16,16
729,2,0.3917076,-13,-13,0,0
729,2,0.3521463,-15,-13,0,0
729,2,0.2159946,-15,-15,0,0
729,2,0.03444774,-15,-11,0,0
729,2,0.003336231,-11,-11,0,0
729,2,0.002367471,-13,-11,0,0
731,2,0.3915833,-13,-13,0,0
731,2,0.3521653,-15,-13,0,0
731,2,0.2161002,-15,-15,0,0
731,2,0.03444953,-15,-11,0,0
731,2,0.003335,-11,-11,0,0
731,2,0.002366636,-13,-11,0,0
732,2,0.3891715,-13,-13,0,0
732,2,0.3501387,-15,-13,0,0
732,2,0.2149308,-15,-15,0,0
732,2,0.03425129,-15,-11,0,0
732,2,0.003314607,-11,-11,0,0
732,2,0.002352128,-13,-11,0,0
732,3,0.002125153,-3,4,24,0
732,3,0.001534825,-1,2,24,0
732,3,0.0008730502,-15,16,24,0
732,4,0.001307899,-3,-3,4,4
735,2,0.391907,-13,-13,0,0
735,2,0.3521088,-15,-13,0,0
735,2,0.2158332,-15,-15,0,0
735,2,0.03444439,-15,-11,0,0
735,2,0.003337931,-11,-11,0,0
735,2,0.002368633,-13,-11,0,0
750,2,0.001274241,-13,-13,0,0
750,2,0.001146708,-15,-13,0,0
750,2,0.0007040536,-15,-15,0,0
750,2,0.0001121729,-15,-11,0,0
750,2,1.085281e-05,-11,-11,0,0
750,2,7.701245e-06,-13,-11,0,0
750,3,0.4193292,-3,4,24,0
750,3,0.2086936,-15,16,24,0
750,3,0.1947476,-1,2,24,0
750,3,0.0664791,-11,12,24,0
750,3,0.06526534,-13,14,24,0
750,4,0.03477734,-3,-3,4,4
750,4,0.00745216,-15,-15,16,16
754,2,0.3916037,-13,-13,0,0
754,2,0.3521672,-15,-13,0,0
754,2,0.2160777,-15,-15,0,0
754,2,0.03444929,-15,-11,0,0
754,2,0.003335323,-11,-11,0,0
754,2,0.002366826,-13,-11,0,0
777,2,0.3910652,-13,-13,0,0
777,2,0.3518394,-15,-13,0,0
777,2,0.2159717,-15,-15,0,0
777,2,0.03441747,-15,-11,0,0
777,2,0.003330679,-11,-11,0,0
777,2,0.002363495,-13,-11,0,0
777,3,0.0003460565,-3,4,24,0
777,3,0.0001711924,-15,16,24,0
777,4,0.0004948057,-3,-3,4,4
778,2,0.3841576,-13,-13,0,0
778,2,0.3456567,-15,-13,0,0
778,2,0.212198,-15,-15,0,0
778,2,0.03381259,-15,-11,0,0
778,2,0.00327189,-11,-11,0,0
778,2,0.002321796,-13,-11,0,0
778,3,0.007222792,-3,4,24,0
778,3,0.004546824,-15,16,24,0
778,4,0.005588482,-3,-3,4,4
778,4,0.001223324,-15,-15,16,16
780,2,0.0002192316,-13,-13,0,0
780,2,0.0001972964,-15,-13,0,0
780,2,0.00012114,-15,-15,0,0
780,2,1.929918e-05,-15,-11,0,0
780,2,1.867208e-06,-11,-11,0,0
780,2,1.324995e-06,-13,-11,0,0
780,3,0.3398414,-3,4,24,0
780,3,0.325745,-1,2,24,0
780,3,0.118257,-15,16,24,0
780,3,0.1077531,-11,12,24,0
780,3,0.1065162,-13,14,24,0
780,4,0.001327108,-3,-3,4,4
783,2,0.3297431,-13,-13,0,0
783,2,0.2966629,-15,-13,0,0
783,2,0.1820956,-15,-15,0,0
783,2,0.02902057,-15,-11,0,0
783,2,0.002808509,-11,-11,0,0
783,2,0.001992903,-13,-11,0,0
783,3,0.0246947,-3,4,24,0
783,3,0.01237427,-15,16,24,0
783,3,0.009394989,-1,2,24,0
783,3,0.00316211,-11,12,24,0
783,3,0.003155491,-13,14,24,0
783,4,0.08623362,-3,-3,4,4
783,4,0.01866113,-15,-15,16,16
787,2,0.006464506,-13,-13,0,0
787,2,0.005815362,-15,-13,0,0
787,2,0.003569346,-15,-15,0,0
787,2,0.0005688893,-15,-11,0,0
787,2,5.505687e-05,-11,-11,0,0
787,2,3.906914e-05,-13,-11,0,0
787,3,0.2892245,-1,2,24,0
787,3,0.2700164,-3,4,24,0
787,3,0.09659833,-11,12,24,0
787,3,0.09488988,-13,14,24,0
787,3,0.08543481,-15,16,24,0
787,4,0.12116,-3,-3,4,4
787,4,0.0261639,-15,-15,16,16
788,2,0.08755958,-13,-13,0,0
788,2,0.0787936,-15,-13,0,0
788,2,0.04837556,-15,-15,0,0
788,2,0.007707781,-15,-11,0,0
788,2,0.0007457594,-11,-11,0,0
788,2,0.0005291848,-13,-11,0,0
788,3,0.3532687,-3,4,24,0
788,3,0.1952397,-15,16,24,0
788,3,0.1068317,-1,2,24,0
788,3,0.03594759,-13,14,24,0
788,3,0.03455436,-11,12,24,0
788,4,0.04157474,-3,-3,4,4
788,4,0.0088717,-15,-15,16,16
790,2,0.17931,-13,-13,0,0
790,2,0.1613583,-15,-13,0,0
790,2,0.09906378,-15,-15,0,0
790,2,0.01578407,-15,-11,0,0
790,2,0.001527213,-11,-11,0,0
790,2,0.001083739,-13,-11,0,0
790,3,0.2354262,-3,4,24,0
790,3,0.1217804,-15,16,24,0
790,3,0.09039082,-1,2,24,0
790,3,0.03049176,-11,12,24,0
790,3,0.03033696,-13,14,24,0
790,4,0.02760945,-3,-3,4,4
790,4,0.00583731,-15,-15,16,16
793,2,0.09766035,-13,-13,0,0
793,2,0.08789047,-15,-13,0,0
793,2,0.05396659,-15,-15,0,0
793,2,0.008597587,-15,-11,0,0
793,2,0.0008317779,-11,-11,0,0
793,2,0.0005902498,-13,-11,0,0
793,3,0.3628142,-3,4,24,0
793,3,0.2066451,-15,16,24,0
793,3,0.08613672,-1,2,24,0
793,3,0.02895192,-13,14,24,0
793,3,0.02882708,-11,12,24,0
793,4,0.03054842,-3,-3,4,4
793,4,0.006539539,-15,-15,16,16
808,2,0.3917452,-13,-13,0,0
808,2,0.3521399,-15,-13,0,0
808,2,0.2159625,-15,-15,0,0
808,2,0.03444805,-15,-11,0,0
808,2,0.003336616,-11,-11,0,0
808,2,0.002367705,-13,-11,0,0
809,2,0.3924879,-13,-13,0,0
809,2,0.3519912,-15,-13,0,0
809,2,0.2153728,-15,-15,0,0
809,2,0.0344329,-15,-11,0,0
809,2,0.00334294,-11,-11,0,0
809,2,0.002372179,-13,-11,0,0
814,2,0.3240388,-13,-13,0,0
814,2,0.2916045,-15,-13,0,0
814,2,0.1790396,-15,-15,0,0
814,2,0.02852506,-15,-11,0,0
814,2,0.002759887,-11,-11,0,0
814,2,0.001958476,-13,-11,0,0
814,3,0.09315662,-3,4,24,0
814,3,0.05945934,-15,16,24,0
814,3,0.000423436,-13,14,24,0
814,4,0.01568542,-3,-3,4,4
814,4,0.003348926,-15,-15,16,16
817,2,0.2973097,-13,-13,0,0
817,2,0.2675189,-15,-13,0,0
817,2,0.1642339,-15,-15,0,0
817,2,0.02616922,-15,-11,0,0
817,2,0.00253225,-11,-11,0,0
817,2,0.001796955,-13,-11,0,0
817,3,0.09937122,-3,4,24,0
817,3,0.05676922,-15,16,24,0
817,3,0.02082248,-1,2,24,0
817,3,0.00720918,-13,14,24,0
817,3,0.006854765,-11,12,24,0
817,4,0.04076596,-3,-3,4,4
817,4,0.008646205,-15,-15,16,16
818,2,0.2244848,-13,-13,0,0
818,2,0.2020164,-15,-13,0,0
818,2,0.1240389,-15,-15,0,0
818,2,0.01976221,-15,-11,0,0
818,2,0.001911919,-11,-11,0,0
818,2,0.00135679,-13,-11,0,0
818,3,0.225453,-3,4,24,0
818,3,0.1372182,-15,16,24,0
818,3,0.01810377,-1,2,24,0
818,3,0.006471253,-13,14,24,0
818,3,0.006092395,-11,12,24,0
818,4,0.02723138,-3,-3,4,4
818,4,0.005859022,-15,-15,16,16
822,2,0.3918033,-13,-13,0,0
822,2,0.3521321,-15,-13,0,0
822,2,0.2159136,-15,-15,0,0
822,2,0.0344459,-15,-11,0,0
822,2,0.003337072,-11,-11,0,0
822,2,0.002368072,-13,-11,0,0
824,2,0.1727122,-13,-13,0,0
824,2,0.155431,-15,-13,0,0
824,2,0.09543036,-15,-15,0,0
824,2,0.01520375,-15,-11,0,0
824,2,0.001470982,-11,-11,0,0
824,2,0.001043839,-13,-11,0,0
824,3,0.2932287,-3,4,24,0
824,3,0.1799515,-15,16,24,0
824,3,0.02501324,-1,2,24,0
824,3,0.008880315,-13,14,24,0
824,3,0.008307456,-11,12,24,0
824,4,0.03568615,-3,-3,4,4
824,4,0.007640462,-15,-15,16,16
825,2,0.3916584,-13,-13,0,0
825,2,0.3521577,-15,-13,0,0
825,2,0.2160327,-15,-15,0,0
825,2,0.03444827,-15,-11,0,0
825,2,0.003335791,-11,-11,0,0
825,2,0.002367141,-13,-11,0,0
826,2,0.3863774,-13,-13,0,0
826,2,0.3475521,-15,-13,0,0
826,2,0.2133048,-15,-15,0,0
826,2,0.03399891,-15,-11,0,0
826,2,0.003290833,-11,-11,0,0
826,2,0.00233517,-13,-11,0,0
826,3,1.695496e-05,-3,4,24,0
826,4,0.01080412,-3,-3,4,4
826,4,0.002319659,-15,-15,16,16
827,2,0.08143913,-13,-13,0,0
827,2,0.07328567,-15,-13,0,0
827,2,0.04499316,-15,-15,0,0
827,2,0.007168928,-15,-11,0,0
827,2,0.0006936389,-11,-11,0,0
827,2,0.0004922096,-13,-11,0,0
827,3,0.3892923,-3,4,24,0
827,3,0.2374309,-15,16,24,0
827,3,0.03700928,-1,2,24,0
827,3,0.01309018,-13,14,24,0
827,3,0.01226275,-11,12,24,0
827,4,0.08501784,-3,-3,4,4
827,4,0.01782398,-15,-15,16,16
830,2,0.08958617,-13,-13,0,0
830,2,0.08060939,-15,-13,0,0
830,2,0.0494899,-15,-15,0,0
830,2,0.007885531,-15,-11,0,0
830,2,0.0007630054,-11,-11,0,0
830,2,0.0005414544,-13,-11,0,0
830,3,0.3447495,-3,4,24,0
830,3,0.1946454,-15,16,24,0
830,3,0.07785652,-1,2,24,0
830,3,0.02644001,-13,14,24,0
830,3,0.02628029,-11,12,24,0
830,4,0.08320956,-3,-3,4,4
830,4,0.01794324,-15,-15,16,16
834,2,0.01686161,-13,-13,0,0
834,2,0.01516703,-15,-13,0,0
834,2,0.00930804,-15,-15,0,0
834,2,0.001483647,-15,-11,0,0
834,2,0.0001436127,-11,-11,0,0
834,2,0.0001019121,-13,-11,0,0
834,3,8.025946e-05,-1,2,24,0
834,4,0.3650438,-15,-3,4,16
834,4,0.3228347,-15,-1,2,16
834,4,0.1079186,-15,-13,14,16
834,4,0.1062008,-15,-11,12,16
834,4,0.02853155,-3,-3,4,4
834,4,0.02632447,-15,-15,16,16
838,2,3.899531e-06,-13,-13,0,0
838,2,3.509592e-06,-15,-13,0,0
838,2,2.154868e-06,-15,-15,0,0
838,2,3.433142e-07,-15,-11,0,0
838,2,3.321331e-08,-11,-11,0,0
838,2,2.356826e-08,-13,-11,0,0
838,3,0.3407705,-3,4,24,0
838,3,0.32337,-1,2,24,0
838,3,0.1210167,-15,16,24,0
838,3,0.1066728,-13,14,24,0
838,3,0.1062843,-11,12,24,0
838,4,0.001875761,-3,-3,4,4
839,2,0.3917186,-13,-13,0,0
839,2,0.3521429,-15,-13,0,0
839,2,0.2159874,-15,-15,0,0
839,2,0.03444714,-15,-11,0,0
839,2,0.003336391,-11,-11,0,0
839,2,0.002367521,-13,-11,0,0
840,2,0.3361081,-13,-13,0,0
840,2,0.3024057,-15,-13,0,0
840,2,0.1856423,-15,-15,0,0
840,2,0.02958192,-15,-11,0,0
840,2,0.002862715,-11,-11,0,0
840,2,0.002031442,-13,-11,0,0
840,3,0.0454943,-3,4,24,0
840,3,0.02693141,-1,2,24,0
840,3,0.02086284,-15,16,24,0
840,3,0.008972044,-13,14,24,0
840,3,0.008705532,-11,12,24,0
840,4,0.02507897,-3,-3,4,4
840,4,0.005322807,-15,-15,16,16
841,2,8.585454e-05,-13,-13,0,0
841,2,7.726175e-05,-15,-13,0,0
841,2,4.743923e-05,-15,-15,0,0
841,2,7.557873e-06,-15,-11,0,0
841,2,7.312062e-07,-11,-11,0,0
841,2,5.188763e-07,-13,-11,0,0
841,3,0.3417556,-3,4,24,0
841,3,0.320133,-1,2,24,0
841,3,0.1214874,-15,16,24,0
841,3,0.1078602,-11,12,24,0
841,3,0.1062546,-13,14,24,0
841,4,0.002289971,-3,-3,4,4
845,2,0.392035,-13,-13,0,0
845,2,0.3520805,-15,-13,0,0
845,2,0.2157342,-15,-15,0,0
845,2,0.03444176,-15,-11,0,0
845,2,0.003339041,-11,-11,0,0
845,2,0.002369452,-13,-11,0,0
846,2,0.3916549,-13,-13,0,0
846,2,0.3521528,-15,-13,0,0
846,2,0.2160416,-15,-15,0,0
846,2,0.03444786,-15,-11,0,0
846,2,0.003335731,-11,-11,0,0
846,2,0.002367082,-13,-11,0,0
853,2,0.3918886,-13,-13,0,0
853,2,0.3521065,-15,-13,0,0
853,2,0.2158547,-15,-15,0,0
853,2,0.03444389,-15,-11,0,0
853,2,0.003337761,-11,-11,0,0
853,2,0.002368508,-13,-11,0,0
857,2,0.3871185,-13,-13,0,0
857,2,0.348308,-15,-13,0,0
857,2,0.2138257,-15,-15,0,0
857,2,0.03407433,-15,-11,0,0
857,2,0.003297101,-11,-11,0,0
857,2,0.002339724,-13,-11,0,0
857,3,0.004391151,-3,4,24,0
857,3,0.002154313,-15,16,24,0
857,3,0.00208016,-1,2,24,0
857,3,0.0006863901,-13,14,24,0
857,4,0.001724617,-3,-3,4,4
868,2,0.3920245,-13,-13,0,0
868,2,0.3520777,-15,-13,0,0
868,2,0.2157471,-15,-15,0,0
868,2,0.03444243,-15,-11,0,0
868,2,0.003338889,-11,-11,0,0
868,2,0.002369325,-13,-11,0,0
871,2,0.3923548,-13,-13,0,0
871,2,0.3520174,-15,-13,0,0
871,2,0.2154791,-15,-15,0,0
871,2,0.0344356,-15,-11,0,0
871,2,0.003341777,-11,-11,0,0
871,2,0.002371406,-13,-11,0,0
881,2,0.3923104,-13,-13,0,0
881,2,0.3520296,-15,-13,0,0
881,2,0.2155115,-15,-15,0,0
881,2,0.03443601,-15,-11,0,0
881,2,0.003341413,-11,-11,0,0
881,2,0.002371092,-13,-11,0,0
884,2,0.0711399,-13,-13,0,0
884,2,0.0640226,-15,-13,0,0
884,2,0.03931051,-15,-15,0,0
884,2,0.006262854,-15,-11,0,0
884,2,0.0006059013,-11,-11,0,0
884,2,0.0004299656,-13,-11,0,0
884,3,0.3970986,-3,4,24,0
884,3,0.2234782,-15,16,24,0
884,3,0.09279683,-1,2,24,0
884,3,0.03149741,-13,14,24,0
884,3,0.03132101,-11,12,24,0
884,4,0.03461261,-3,-3,4,4
884,4,0.00742355,-15,-15,16,16
885,2,0.36842,-13,-13,0,0
885,2,0.3315082,-15,-13,0,0
885,2,0.2035216,-15,-15,0,0
885,2,0.03242929,-15,-11,0,0
885,2,0.003137916,-11,-11,0,0
885,2,0.002226758,-13,-11,0,0
885,3,0.02773453,-3,4,24,0
885,3,0.01713059,-15,16,24,0
885,3,0.001487015,-1,2,24,0
885,3,0.000561057,-13,14,24,0
885,4,0.009750966,-3,-3,4,4
885,4,0.002092035,-15,-15,16,16
887,2,0.0002999956,-13,-13,0,0
887,2,0.0002699834,-15,-13,0,0
887,2,0.0001657671,-15,-15,0,0
887,2,2.640975e-05,-15,-11,0,0
887,2,2.555203e-06,-11,-11,0,0
887,2,1.813162e-06,-13,-11,0,0
887,3,0.3475397,-3,4,24,0
887,3,0.3099891,-1,2,24,0
887,3,0.1290208,-15,16,24,0
887,3,0.1045106,-11,12,24,0
887,3,0.1030737,-13,14,24,0
887,4,0.004201228,-3,-3,4,4
887,4,0.0008983657,-15,-15,16,16
892,2,0.3921299,-13,-13,0,0
892,2,0.3520604,-15,-13,0,0
892,2,0.2156604,-15,-15,0,0
892,2,0.03443939,-15,-11,0,0
892,2,0.003339922,-11,-11,0,0
892,2,0.002370029,-13,-11,0,0
896,2,0.3909399,-13,-13,0,0
896,2,0.3517258,-15,-13,0,0
896,2,0.2159088,-15,-15,0,0
896,2,0.0344081,-15,-11,0,0
896,2,0.003329612,-11,-11,0,0
896,2,0.00236274,-13,-11,0,0
896,3,0.0003355095,-3,4,24,0
896,3,0.0002085841,-15,16,24,0
896,4,0.00078089,-3,-3,4,4
902,2,3.884158e-05,-13,-13,0,0
902,2,3.495095e-05,-15,-13,0,0
902,2,2.145878e-05,-15,-15,0,0
902,2,3.419e-06,-15,-11,0,0
902,2,3.308097e-07,-11,-11,0,0
902,2,2.347492e-07,-13,-11,0,0
902,3,0.3346822,-3,4,24,0
902,3,0.3331001,-1,2,24,0
902,3,0.1127953,-15,16,24,0
902,3,0.1104492,-13,14,24,0
902,3,0.1076375,-11,12,24,0
902,4,0.001236445,-3,-3,4,4
903,2,0.3915903,-13,-13,0,0
903,2,0.3521672,-15,-13,0,0
903,2,0.2160911,-15,-15,0,0
903,2,0.03444944,-15,-11,0,0
903,2,0.003335214,-11,-11,0,0
903,2,0.002366757,-13,-11,0,0
904,2,0.3848047,-13,-13,0,0
904,2,0.3462213,-15,-13,0,0
904,2,0.2125354,-15,-15,0,0
904,2,0.03386789,-15,-11,0,0
904,2,0.003277413,-11,-11,0,0
904,2,0.002325695,-13,-11,0,0
904,3,0.004735031,-3,4,24,0
904,3,0.002933448,-15,16,24,0
904,4,0.007664916,-3,-3,4,4
904,4,0.001634104,-15,-15,16,16
905,2,0.3784216,-13,-13,0,0
905,2,0.3404971,-15,-13,0,0
905,2,0.2090259,-15,-15,0,0
905,2,0.03330759,-15,-11,0,0
905,2,0.003223075,-11,-11,0,0
905,2,0.00228718,-13,-11,0,0
905,3,0.0119548,-3,4,24,0
905,3,0.008407767,-1,2,24,0
905,3,0.005126572,-15,16,24,0
905,3,0.002782235,-13,14,24,0
905,3,0.002751545,-11,12,24,0
905,4,0.002214571,-3,-3,4,4
915,2,2.015253e-05,-13,-13,0,0
915,2,1.813657e-05,-15,-13,0,0
915,2,1.113612e-05,-15,-15,0,0
915,2,1.774156e-06,-15,-11,0,0
915,2,1.716407e-07,-11,-11,0,0
915,2,1.217992e-07,-13,-11,0,0
915,3,0.3416932,-3,4,24,0
915,3,0.3201549,-1,2,24,0
915,3,0.1217519,-15,16,24,0
915,3,0.1071035,-13,14,24,0
915,3,0.1070157,-11,12,24,0
915,4,0.002229318,-3,-3,4,4
916,2,5.823169e-05,-13,-13,0,0
916,2,5.240014e-05,-15,-13,0,0
916,2,3.217076e-05,-15,-15,0,0
916,2,5.125844e-06,-15,-11,0,0
916,2,4.959585e-07,-11,-11,0,0
916,2,3.519447e-07,-13,-11,0,0
916,3,0.3406883,-3,4,24,0
916,3,0.3226353,-1,2,24,0
916,3,0.1173838,-15,16,24,0
916,3,0.1091262,-13,14,24,0
916,3,0.1063736,-11,12,24,0
916,4,0.003005684,-3,-3,4,4
916,4,0.0006383847,-15,-15,16,16
917,2,0.3916518,-13,-13,0,0
917,2,0.35216,-15,-13,0,0
917,2,0.2160355,-15,-15,0,0
917,2,0.03444968,-15,-11,0,0
917,2,0.003335898,-11,-11,0,0
917,2,0.002367109,-13,-11,0,0
922,2,0.3918042,-13,-13,0,0
922,2,0.3521281,-15,-13,0,0
922,2,0.215917,-15,-15,0,0
922,2,0.03444569,-15,-11,0,0
922,2,0.003336973,-11,-11,0,0
922,2,0.00236806,-13,-11,0,0
924,2,0.3916918,-13,-13,0,0
924,2,0.3521527,-15,-13,0,0
924,2,0.2160042,-15,-15,0,0
924,2,0.03444782,-15,-11,0,0
924,2,0.003336104,-11,-11,0,0
924,2,0.002367385,-13,-11,0,0
926,2,0.3920124,-13,-13,0,0
926,2,0.3520769,-15,-13,0,0
926,2,0.2157602,-15,-15,0,0
926,2,0.03444244,-15,-11,0,0
926,2,0.003338906,-11,-11,0,0
926,2,0.002369238,-13,-11,0,0
931,2,0.3916525,-13,-13,0,0
931,2,0.3521594,-15,-13,0,0
931,2,0.2160365,-15,-15,0,0
931,2,0.03444864,-15,-11,0,0
931,2,0.003335776,-11,-11,0,0
931,2,0.002367158,-13,-11,0,0
935,2,0.0001080262,-13,-13,0,0
935,2,9.720801e-05,-15,-13,0,0
935,2,5.967805e-05,-15,-15,0,0
935,2,9.508887e-06,-15,-11,0,0
935,2,9.200749e-07,-11,-11,0,0
935,2,6.529016e-07,-13,-11,0,0
935,3,0.3412319,-3,4,24,0
935,3,0.3176488,-1,2,24,0
935,3,0.121453,-15,16,24,0
935,3,0.1073615,-11,12,24,0
935,3,0.1053787,-13,14,24,0
935,4,0.005484184,-3,-3,4,4
935,4,0.001165862,-15,-15,16,16
940,2,0.3645551,-13,-13,0,0
940,2,0.3280816,-15,-13,0,0
940,2,0.2014462,-15,-15,0,0
940,2,0.0320931,-15,-11,0,0
940,2,0.00310494,-11,-11,0,0
940,2,0.002203322,-13,-11,0,0
940,3,0.03585352,-3,4,24,0
940,3,0.02191021,-15,16,24,0
940,3,0.004162058,-1,2,24,0
940,3,0.001448256,-13,14,24,0
940,3,0.001360411,-11,12,24,0
940,4,0.003781232,-3,-3,4,4
943,2,0.2988635,-13,-13,0,0
943,2,0.26893,-15,-13,0,0
943,2,0.1651043,-15,-15,0,0
943,2,0.02630724,-15,-11,0,0
943,2,0.002545463,-11,-11,0,0
943,2,0.001806315,-13,-11,0,0
943,3,0.1085208,-3,4,24,0
943,3,0.06290533,-15,16,24,0
943,3,0.02224162,-1,2,24,0
943,3,0.007563208,-13,14,24,0
943,3,0.007196351,-11,12,24,0
943,4,0.02305233,-3,-3,4,4
943,4,0.004963508,-15,-15,16,16
945,2,0.3800187,-13,-13,0,0
945,2,0.3418802,-15,-13,0,0
945,2,0.2098365,-15,-15,0,0
945,2,0.03344321,-15,-11,0,0
945,2,0.003236718,-11,-11,0,0
945,2,0.00229673,-13,-11,0,0
945,3,0.003319994,-3,4,24,0
945,3,0.002724524,-1,2,24,0
945,3,0.001251777,-15,16,24,0
945,3,0.0009141631,-11,12,24,0
945,3,0.0009059103,-13,14,24,0
945,4,0.01664694,-3,-3,4,4
945,4,0.003524721,-15,-15,16,16
948,2,0.3916504,-13,-13,0,0
948,2,0.3521526,-15,-13,0,0
948,2,0.2160454,-15,-15,0,0
948,2,0.0344487,-15,-11,0,0
948,2,0.003335734,-11,-11,0,0
948,2,0.002367142,-13,-11,0,0
959,2,0.391576,-13,-13,0,0
959,2,0.3521735,-15,-13,0,0
959,2,0.2160989,-15,-15,0,0
959,2,0.03444986,-15,-11,0,0
959,2,0.003335088,-11,-11,0,0
959,2,0.002366682,-13,-11,0,0
964,2,0.09483538,-13,-13,0,0
964,2,0.08534416,-15,-13,0,0
964,2,0.05239937,-15,-15,0,0
964,2,0.008348403,-15,-11,0,0
964,2,0.0008077063,-11,-11,0,0
964,2,0.0005731705,-13,-11,0,0
964,3,0.3140037,-3,4,24,0
964,3,0.1587767,-1,2,24,0
964,3,0.1532247,-15,16,24,0
964,3,0.05311612,-11,12,24,0
964,3,0.05265251,-13,14,24,0
964,4,0.02134031,-3,-3,4,4
964,4,0.004577799,-15,-15,16,16
968,2,0.0002461703,-13,-13,0,0
968,2,0.0002215072,-15,-13,0,0
968,2,0.0001359815,-15,-15,0,0
968,2,2.166793e-05,-15,-11,0,0
968,2,2.096679e-06,-11,-11,0,0
968,2,1.487864e-06,-13,-11,0,0
968,3,0.339654,-3,4,24,0
968,3,0.3163477,-1,2,24,0
968,3,0.1209489,-15,16,24,0
968,3,0.1052915,-11,12,24,0
968,3,0.1034676,-13,14,24,0
968,4,0.01124986,-3,-3,4,4
968,4,0.002411531,-15,-15,16,16
971,2,0.001088732,-13,-13,0,0
971,2,0.0009795486,-15,-13,0,0
971,2,0.0006012906,-15,-15,0,0
971,2,9.582079e-05,-15,-11,0,0
971,2,9.272738e-06,-11,-11,0,0
971,2,6.580358e-06,-13,-11,0,0
971,3,0.3284632,-1,2,24,0
971,3,0.3279737,-3,4,24,0
971,3,0.1107592,-11,12,24,0
971,3,0.1103155,-15,16,24,0
971,3,0.109392,-13,14,24,0
971,4,0.008466101,-3,-3,4,4
971,4,0.001849066,-15,-15,16,16
975,2,2.40359e-05,-13,-13,0,0
975,2,2.163129e-05,-15,-13,0,0
975,2,1.32822e-05,-15,-15,0,0
975,2,2.116001e-06,-15,-11,0,0
975,2,2.047138e-07,-11,-11,0,0
975,2,1.452688e-07,-13,-11,0,0
975,3,0.3500152,-3,4,24,0
975,3,0.3104106,-1,2,24,0
975,3,0.1273556,-15,16,24,0
975,3,0.1043058,-13,14,24,0
975,3,0.1041573,-11,12,24,0
975,4,0.003694208,-3,-3,4,4
977,2,0.392165,-13,-13,0,0
977,2,0.3520552,-15,-13,0,0
977,2,0.2156301,-15,-15,0,0
977,2,0.03443953,-15,-11,0,0
977,2,0.003340097,-11,-11,0,0
977,2,0.00237018,-13,-11,0,0
983,2,0.3924242,-13,-13,0,0
983,2,0.3520142,-15,-13,0,0
983,2,0.2154138,-15,-15,0,0
983,2,0.03443342,-15,-11,0,0
983,2,0.003342457,-11,-11,0,0
983,2,0.002371849,-13,-11,0,0
984,2,0.2330614,-13,-13,0,0
984,2,0.2097082,-15,-13,0,0
984,2,0.1287414,-15,-15,0,0
984,2,0.02051414,-15,-11,0,0
984,2,0.001984971,-11,-11,0,0
984,2,0.001408639,-13,-11,0,0
984,3,0.1556421,-3,4,24,0
984,3,0.08010052,-15,16,24,0
984,3,0.06525072,-1,2,24,0
984,3,0.02200373,-13,14,24,0
984,3,0.02123444,-11,12,24,0
984,4,0.04975119,-3,-3,4,4
984,4,0.0105986,-15,-15,16,16
989,2,3.141093e-05,-13,-13,0,0
989,2,2.826747e-05,-15,-13,0,0
989,2,1.735567e-05,-15,-15,0,0
989,2,2.76511e-06,-15,-11,0,0
989,2,2.675308e-07,-11,-11,0,0
989,2,1.898474e-07,-13,-11,0,0
989,3,0.3463967,-3,4,24,0
989,3,0.311092,-1,2,24,0
989,3,0.1254301,-15,16,24,0
989,3,0.10676,-13,14,24,0
989,3,0.1051976,-11,12,24,0
989,4,0.004148705,-3,-3,4,4
989,4,0.0008945882,-15,-15,16,16
993,2,0.1389938,-13,-13,0,0
993,2,0.1250534,-15,-13,0,0
993,2,0.07676294,-15,-15,0,0
993,2,0.01223276,-15,-11,0,0
993,2,0.00118383,-11,-11,0,0
993,2,0.0008400532,-13,-11,0,0
993,3,0.2133466,-1,2,24,0
993,3,0.2106366,-3,4,24,0
993,3,0.07051066,-13,14,24,0
993,3,0.06998208,-11,12,24,0
993,3,0.06982824,-15,16,24,0
993,4,0.008737011,-3,-3,4,4
993,4,0.001892092,-15,-15,16,16
998,2,0.3564574,-13,-13,0,0
998,2,0.3207774,-15,-13,0,0
998,2,0.1969403,-15,-15,0,0
998,2,0.03137881,-15,-11,0,0
998,2,0.003035891,-11,-11,0,0
998,2,0.00215432,-13,-11,0,0
998,3,0.0418661,-3,4,24,0
998,3,0.02337607,-15,16,24,0
998,3,0.01177145,-1,2,24,0
998,3,0.003962592,-13,14,24,0
998,3,0.003855715,-11,12,24,0
998,4,0.004423988,-3,-3,4,4
