,Hppmass,Hppll,HppqaqW,HppllvW,Hppqaqqaq,Hppllvllv,Hppqaqllv,TotalBR
0,84.75723225474259,0.999999969,0.0,0.0,0.0,0.0,0.0,0.999999969
1,101.14129104085444,0.9999999960000001,0.0,0.0,0.0,0.0,0.0,0.9999999960000001
2,103.42939572129886,1.000000023,0.0,0.0,0.0,0.0,0.0,1.000000023
3,59.12613191162246,0.9999999719999999,0.0,0.0,0.0,0.0,0.0,0.9999999719999999
4,78.08847598503799,1.000000041,0.0,0.0,0.0,0.0,0.0,1.000000041
5,80.67382183914637,0.99999998,0.0,0.0,0.0,0.0,0.0,0.99999998
6,104.610442339093,0.999999878,0.0,0.0,0.0,0.0,0.0,0.999999878
7,110.55839592881027,0.33889646790000005,0.35490069999999996,0.21475058,0.07535588,0.01609643,0.0,1.0000000579000001
8,127.4206271263448,1.0000000420000001,0.0,0.0,0.0,0.0,0.0,1.0000000420000001
9,67.37950176909212,0.999999982,0.0,0.0,0.0,0.0,0.0,0.999999982
10,121.1672473525661,0.9999999329999999,0.0,0.0,0.0,0.0,0.0,0.9999999329999999
11,123.66601131671196,0.987578079,0.007565133,0.004856727,0.0,0.0,0.0,0.999999939
12,99.87840328740593,0.9995593569999999,0.0002755281,0.0001650979,0.0,0.0,0.0,0.9999999829999998
13,44.044464522134206,0.9999999999999999,0.0,0.0,0.0,0.0,0.0,0.9999999999999999
14,106.79818597966884,0.999999962,0.0,0.0,0.0,0.0,0.0,0.999999962
15,91.91311259920627,0.9999999499999999,0.0,0.0,0.0,0.0,0.0,0.9999999499999999
16,84.8411234882595,0.990460008,0.0,0.0,0.007849386,0.001690589,0.0,0.9999999829999999
17,40.697833083213155,1.000000026,0.0,0.0,0.0,0.0,0.0,1.000000026
18,124.18467567401107,1.6838721259999998e-05,0.6609425,0.3364272,0.002613407,0.0,0.0,0.9999999457212599
19,76.49747081690195,1.00000002,0.0,0.0,0.0,0.0,0.0,1.00000002
20,85.02621267941866,0.02727561805,0.015502845000000001,0.007526279,0.607807,0.02604700963,0.3158412,0.99999995168
21,129.8330043037006,0.9878849199999999,0.007374376,0.004740695,0.0,0.0,0.0,0.9999999909999999
22,81.65600466864844,1.000000011,0.0,0.0,0.0,0.0,0.0,1.000000011
23,99.11641383425516,1.00000001,0.0,0.0,0.0,0.0,0.0,1.00000001
24,82.60890116767395,0.9999999500000002,0.0,0.0,0.0,0.0,0.0,0.9999999500000002
25,108.53450818630688,0.9800097500000001,0.009585516,0.006119109,0.00353257,0.0007529905,0.0,0.9999999355000001
26,57.6236504017635,1.000000013,0.0,0.0,0.0,0.0,0.0,1.000000013
27,122.77495378804264,0.0701242537,0.53000743,0.32737507,0.05971225,0.01278103,0.0,1.0000000337
28,60.30163218225324,1.000000007,0.0,0.0,0.0,0.0,0.0,1.000000007
29,98.73658779485231,1.0000000629999999,0.0,0.0,0.0,0.0,0.0,1.0000000629999999
30,115.61531898198557,0.915045703,0.04507405,0.0291319,0.008845011,0.001903322,0.0,0.999999986
31,53.60491496118527,1.0000000210000002,0.0,0.0,0.0,0.0,0.0,1.0000000210000002
32,113.42980241465506,1.00000006,0.0,0.0,0.0,0.0,0.0,1.00000006
33,129.4107449048692,1.000000092,0.0,0.0,0.0,0.0,0.0,1.000000092
34,108.49567080260256,1.000000042,0.0,0.0,0.0,0.0,0.0,1.000000042
35,72.2650912984352,1.00000001,0.0,0.0,0.0,0.0,0.0,1.00000001
36,88.28844409659098,1.00000006,0.0,0.0,0.0,0.0,0.0,1.00000006
37,61.32202866889189,0.999999945,0.0,0.0,0.0,0.0,0.0,0.999999945
38,120.66542848336245,1.000000038,0.0,0.0,0.0,0.0,0.0,1.000000038
39,111.82183977398434,0.9994406789999999,0.0003396243,0.0002196099,0.0,0.0,0.0,0.9999999131999999
40,92.88235535075096,0.9999999479999999,0.0,0.0,0.0,0.0,0.0,0.9999999479999999
41,99.27176926403871,1.000000026,0.0,0.0,0.0,0.0,0.0,1.000000026
42,72.44673954079661,1.000000075,0.0,0.0,0.0,0.0,0.0,1.000000075
43,81.53899754038244,0.999999948,0.0,0.0,0.0,0.0,0.0,0.999999948
44,116.63036615275988,0.995720563,0.002611468,0.001667916,0.0,0.0,0.0,0.9999999470000001
45,95.04562445699987,0.989257722,0.003994845,0.001100302,0.004653176,0.0009939381,0.0,0.9999999831
46,126.55986547785572,0.999245114,0.0004546776,0.0003002453,0.0,0.0,0.0,1.0000000369
47,72.64600471832722,1.000000064,0.0,0.0,0.0,0.0,0.0,1.000000064
48,125.15534853047188,0.999999987,0.0,0.0,0.0,0.0,0.0,0.999999987
49,72.90918712061298,0.9999999989999999,0.0,0.0,0.0,0.0,0.0,0.9999999989999999
50,63.72928148128826,0.9999999119999999,0.0,0.0,0.0,0.0,0.0,0.9999999119999999
51,118.54818493583805,0.00493889341,0.6641111,0.3294781,0.001471816,0.0,0.0,0.9999999094099999
52,53.66223788722226,0.999999995,0.0,0.0,0.0,0.0,0.0,0.999999995
53,129.4264254857114,5.8137084699999993e-05,0.6607018,0.33592110000000003,0.003318944,0.0,0.0,0.9999999810847001
54,65.6375875323547,1.000000037,0.0,0.0,0.0,0.0,0.0,1.000000037
55,123.52190970333857,0.7285574289999999,0.15961102,0.095816684,0.01315704,0.002857825,0.0,0.9999999979999998
56,112.50994711068114,0.9998607999999999,0.0001391516,0.0,0.0,0.0,0.0,0.9999999515999999
57,73.67789257494611,0.9999999509999999,0.0,0.0,0.0,0.0,0.0,0.9999999509999999
58,127.71749840473984,0.16212612339999996,0.5095555070000001,0.328318372,0.0,0.0,0.0,1.0000000024000002
59,105.5275476085374,1.0000000549999999,0.0,0.0,0.0,0.0,0.0,1.0000000549999999
60,128.42408466633992,0.9802249489999999,0.01119799,0.007190582,0.001386439,0.0,0.0,0.9999999599999999
61,89.54809835779903,0.99999999,0.0,0.0,0.0,0.0,0.0,0.99999999
62,112.32802686192306,0.999999916,0.0,0.0,0.0,0.0,0.0,0.999999916
63,121.06040522547951,0.279944864,0.46404049999999997,0.24290243,0.0108062,0.002306056,0.0,1.00000005
64,91.92040966478831,1.0000000299999998,0.0,0.0,0.0,0.0,0.0,1.0000000299999998
65,43.45733749371704,0.999999992,0.0,0.0,0.0,0.0,0.0,0.999999992
66,111.547650543822,0.9996764630000001,0.0001959854,0.0001275069,0.0,0.0,0.0,0.9999999553000001
67,120.16819403283121,0.899229461,0.05467187,0.03559485,0.008657516,0.001846281,0.0,0.9999999779999998
68,46.815803373680886,0.9999999340000001,0.0,0.0,0.0,0.0,0.0,0.9999999340000001
69,110.40025827846328,0.999999994,0.0,0.0,0.0,0.0,0.0,0.999999994
70,114.66645780190159,1.000000007,0.0,0.0,0.0,0.0,0.0,1.000000007
71,126.43066089318457,0.0658382612,0.5585436,0.32727491,0.03982639,0.008516857,0.0,1.0000000182
72,119.51781484796079,0.999999949,0.0,0.0,0.0,0.0,0.0,0.999999949
73,90.71568513900287,0.999999948,0.0,0.0,0.0,0.0,0.0,0.999999948
74,126.45537513995713,1.000000061,0.0,0.0,0.0,0.0,0.0,1.000000061
75,78.51693213331886,1.000000034,0.0,0.0,0.0,0.0,0.0,1.000000034
76,94.83218620952871,0.969496842,0.010230267,0.005344332,0.01230906,0.002619468,0.0,0.9999999689999999
77,92.33852475140354,0.999999996,0.0,0.0,0.0,0.0,0.0,0.999999996
78,128.74935071660806,0.999684853,0.0003150451,0.0,0.0,0.0,0.0,0.9999998981
79,126.32932680998266,1.3543709099999998e-05,0.6658508000000001,0.3324886,0.00164719,0.0,0.0,1.0000001337091
80,64.10322182341119,0.999999978,0.0,0.0,0.0,0.0,0.0,0.999999978
81,76.1634914991422,0.9999999650000001,0.0,0.0,0.0,0.0,0.0,0.9999999650000001
82,129.25946162197636,0.998350065,0.0009914961,0.0006584015,0.0,0.0,0.0,0.9999999626
83,62.25390311712432,0.99999988,0.0,0.0,0.0,0.0,0.0,0.99999988
84,88.66808298240866,1.000000023,0.0,0.0,0.0,0.0,0.0,1.000000023
85,116.60386320117884,0.999999923,0.0,0.0,0.0,0.0,0.0,0.999999923
86,111.09749000981328,0.000679946289,0.6626277,0.3345625,0.002129787,0.0,0.0,0.999999933289
87,114.17746493077532,0.973787938,0.01408125,0.009093956,0.003036802,0.0,0.0,0.999999946
88,107.75613248593676,0.93737574,0.035649281,0.020284578,0.005513806,0.00117655,0.0,0.999999955
89,95.38308810218956,1.0000000530000002,0.0,0.0,0.0,0.0,0.0,1.0000000530000002
90,65.16084552892951,0.9999999869999999,0.0,0.0,0.0,0.0,0.0,0.9999999869999999
91,100.05289420632616,0.9999999660000001,0.0,0.0,0.0,0.0,0.0,0.9999999660000001
92,129.59866842380887,0.9041097069999999,0.05405988,0.03530948,0.006520975,0.0,0.0,1.000000042
93,105.31311634206664,0.9999999570000001,0.0,0.0,0.0,0.0,0.0,0.9999999570000001
94,106.09585338453479,1.0000000299999998,0.0,0.0,0.0,0.0,0.0,1.0000000299999998
95,113.09476839105378,0.00062161049,0.6625031,0.334793,0.002082339,0.0,0.0,1.00000004949
96,115.28249260797269,0.790781328,0.12401728000000001,0.07160872700000001,0.01118674,0.002405871,0.0,0.999999946
97,93.86833427717531,1.0000000450000002,0.0,0.0,0.0,0.0,0.0,1.0000000450000002
98,111.91087277765394,0.00018832722210000003,0.6637683000000001,0.33286079999999996,0.00262791,0.0005546718,0.0,1.0000000090221
99,96.98136308063623,0.997713785,0.0009946134,0.0004358721,0.0008557421,0.0,0.0,1.0000000126
100,108.317623160354,1.00000001,0.0,0.0,0.0,0.0,0.0,1.00000001
101,127.13328093623491,0.99999999,0.0,0.0,0.0,0.0,0.0,0.99999999
102,64.87499181564078,0.999999926,0.0,0.0,0.0,0.0,0.0,0.999999926
103,47.96473010860482,0.9999999570000001,0.0,0.0,0.0,0.0,0.0,0.9999999570000001
104,89.34507974869128,0.973439976,0.0015663893,0.000329922,0.02041384,0.00424984,0.0,0.9999999673
105,118.45032863250263,0.999999963,0.0,0.0,0.0,0.0,0.0,0.999999963
106,104.39962864089328,1.000000012,0.0,0.0,0.0,0.0,0.0,1.000000012
107,59.73544295979423,0.999999986,0.0,0.0,0.0,0.0,0.0,0.999999986
108,74.08644357534808,0.9999998929999999,0.0,0.0,0.0,0.0,0.0,0.9999998929999999
109,110.271400655886,0.02095919725,0.6480968,0.3276237,0.002738759,0.0005815917,0.0,1.00000004795
110,124.95847752955989,0.00029495956249999994,0.6601197999999999,0.3365596,0.003025577,0.0,0.0,0.9999999365625
111,128.82144442235943,0.999999977,0.0,0.0,0.0,0.0,0.0,0.999999977
112,91.23561471143204,0.9824009469999999,0.00062594,0.0003082456,0.01373119,0.002933662,0.0,0.9999999846
113,117.39920251076036,1.000000074,0.0,0.0,0.0,0.0,0.0,1.000000074
114,83.42877533333164,0.999999944,0.0,0.0,0.0,0.0,0.0,0.999999944
115,115.79287847303459,1.0000001059999999,0.0,0.0,0.0,0.0,0.0,1.0000001059999999
116,125.14653627655031,0.9999999920000001,0.0,0.0,0.0,0.0,0.0,0.9999999920000001
117,128.46789122505498,0.9999999940000001,0.0,0.0,0.0,0.0,0.0,0.9999999940000001
118,91.73401632081828,0.1561877472,0.5256548,0.25882042,0.04885566,0.01048136,0.0,0.9999999871999999
119,121.06748350308253,0.5233964659999999,0.26795554,0.16820498500000003,0.033327,0.007116002,0.0,0.9999999929999999
120,104.26040733830423,0.984224002,0.008465453999999999,0.003936511,0.002783648,0.0005904572,0.0,1.0000000722
121,126.0360625017238,1.464543325e-05,0.6647831,0.3337911,0.001411242,0.0,0.0,1.00000008743325
122,69.24493037432771,0.999999906,0.0,0.0,0.0,0.0,0.0,0.999999906
123,122.92775036727905,1.000000066,0.0,0.0,0.0,0.0,0.0,1.000000066
124,96.49032641995376,1.000000039,0.0,0.0,0.0,0.0,0.0,1.000000039
125,85.92298316886867,0.9954773490000001,0.0,0.0,0.003719919,0.000802725,0.0,0.9999999930000001
126,81.98719454751476,0.00535687514,0.0,0.0,0.39541068,0.0981753,0.5010572,1.0000000551400001
127,77.49839143553726,1.000000073,0.0,0.0,0.0,0.0,0.0,1.000000073
128,105.6309138432172,1.000000064,0.0,0.0,0.0,0.0,0.0,1.000000064
129,63.048119188114605,0.999999969,0.0,0.0,0.0,0.0,0.0,0.999999969
130,83.73954598689228,0.9980607739999999,0.0,0.0,0.001600115,0.0003390729,0.0,0.9999999619
131,65.56195036942916,1.000000002,0.0,0.0,0.0,0.0,0.0,1.000000002
132,104.76846011265465,0.9998634119999998,8.315421e-05,5.349093e-05,0.0,0.0,0.0,1.0000000571399998
133,67.10300663528798,1.000000084,0.0,0.0,0.0,0.0,0.0,1.000000084
134,106.7148952454064,0.9985920220000001,0.0008609771,0.0005470435,0.0,0.0,0.0,1.0000000426
135,77.81180276396809,1.0000000089999999,0.0,0.0,0.0,0.0,0.0,1.0000000089999999
136,76.53821575169155,1.0000000510000002,0.0,0.0,0.0,0.0,0.0,1.0000000510000002
137,68.0509146905068,0.9999999949999999,0.0,0.0,0.0,0.0,0.0,0.9999999949999999
138,110.9643173075398,0.0030821742590000003,0.6499726,0.33237117,0.01199909,0.00257489,0.0,0.9999999242590001
139,65.59375790871718,0.99999994,0.0,0.0,0.0,0.0,0.0,0.99999994
140,129.28244917145523,1.000000051,0.0,0.0,0.0,0.0,0.0,1.000000051
141,81.86271064134651,0.9999999700000001,0.0,0.0,0.0,0.0,0.0,0.9999999700000001
142,117.55372718811724,0.0039040408189999994,0.6641542,0.3302933,0.001648418,0.0,0.0,0.9999999588190001
143,102.71279387361021,0.00035230996019999995,0.6644102000000001,0.3316888,0.002929778,0.0006188734,0.0,0.9999999613602001
144,91.18534688375195,1.000000077,0.0,0.0,0.0,0.0,0.0,1.000000077
145,99.44157430457906,1.000000014,0.0,0.0,0.0,0.0,0.0,1.000000014
146,100.62421838840807,0.951081017,0.02090899,0.012082771,0.01314251,0.002784756,0.0,1.000000044
147,109.5784160610793,1.00000002,0.0,0.0,0.0,0.0,0.0,1.00000002
148,110.24777907368963,0.9999999290000001,0.0,0.0,0.0,0.0,0.0,0.9999999290000001
149,92.51519834780285,0.999999981,0.0,0.0,0.0,0.0,0.0,0.999999981
150,52.94087470298541,0.9999999719999999,0.0,0.0,0.0,0.0,0.0,0.9999999719999999
151,120.43902239608308,1.000000013,0.0,0.0,0.0,0.0,0.0,1.000000013
152,51.672103045501615,1.0000000539999998,0.0,0.0,0.0,0.0,0.0,1.0000000539999998
153,66.4771447767489,1.000000018,0.0,0.0,0.0,0.0,0.0,1.000000018
154,111.49269044094446,0.9983322219999999,0.001016914,0.0006508767,0.0,0.0,0.0,1.0000000127
155,115.14974962104046,1.0000000370000002,0.0,0.0,0.0,0.0,0.0,1.0000000370000002
156,96.15557173992771,1.0000000000000002,0.0,0.0,0.0,0.0,0.0,1.0000000000000002
157,83.83458369511497,1.00000007,0.0,0.0,0.0,0.0,0.0,1.00000007
158,104.75877215589864,0.00027809383669999996,0.6671144,0.33042669999999996,0.001801322,0.000379519,0.0,1.0000000348367
159,61.71604529184837,0.9999999879999999,0.0,0.0,0.0,0.0,0.0,0.9999999879999999
160,124.18253421387922,0.9197422219999999,0.04537837,0.02906259,0.005816784,0.0,0.0,0.9999999659999999
161,75.12957393405453,0.999999992,0.0,0.0,0.0,0.0,0.0,0.999999992
162,104.00886155730814,0.83083123,0.08883687000000001,0.050529812,0.02455654,0.005245557,0.0,1.0000000089999999
163,129.80614502233627,0.999999982,0.0,0.0,0.0,0.0,0.0,0.999999982
164,93.86506478110701,0.9999999440000001,0.0,0.0,0.0,0.0,0.0,0.9999999440000001
165,115.29886445499788,0.9991363249999999,0.000524849,0.0003388526,0.0,0.0,0.0,1.0000000266
166,67.45727733462222,0.999999978,0.0,0.0,0.0,0.0,0.0,0.999999978
167,113.54296242384576,1.0000000390000001,0.0,0.0,0.0,0.0,0.0,1.0000000390000001
168,104.77902166019814,0.999631128,0.0002256572,0.0001432155,0.0,0.0,0.0,1.0000000007
169,54.14009312736026,1.0,0.0,0.0,0.0,0.0,0.0,1.0
170,127.94921194685348,1.000000004,0.0,0.0,0.0,0.0,0.0,1.000000004
171,76.55705659739915,1.00000004,0.0,0.0,0.0,0.0,0.0,1.00000004
172,105.78751395199328,1.000000025,0.0,0.0,0.0,0.0,0.0,1.000000025
173,107.38809854765341,0.00030034190779999997,0.6628703,0.33238660000000003,0.003661571,0.0007812025,0.0,1.0000000154078
174,65.38620160884595,1.000000051,0.0,0.0,0.0,0.0,0.0,1.000000051
175,101.5436342990254,0.999914428,5.21933e-05,3.337705e-05,0.0,0.0,0.0,0.9999999983499999
176,110.51240264999191,0.061987078300000005,0.6182928999999999,0.31373491000000003,0.004923707,0.001061359,0.0,0.9999999543
177,45.46991652628415,0.9999999880000001,0.0,0.0,0.0,0.0,0.0,0.9999999880000001
178,110.24420622450188,0.9999999770000001,0.0,0.0,0.0,0.0,0.0,0.9999999770000001
179,127.91561925976283,0.999999995,0.0,0.0,0.0,0.0,0.0,0.999999995
180,96.47472974562704,0.9999999749999998,0.0,0.0,0.0,0.0,0.0,0.9999999749999998
181,128.70581861970578,3.5951815009999994e-05,0.6635074,0.3351382,0.001318506,0.0,0.0,1.0000000578150101
182,129.95518186024154,0.999999973,0.0,0.0,0.0,0.0,0.0,0.999999973
183,59.91960486303197,0.9999999669999999,0.0,0.0,0.0,0.0,0.0,0.9999999669999999
184,129.3162187513043,0.9995700270000001,0.0004299392,0.0,0.0,0.0,0.0,0.9999999662000001
185,41.33961465736912,1.000000101,0.0,0.0,0.0,0.0,0.0,1.000000101
186,102.01925711020908,0.9999999119999999,0.0,0.0,0.0,0.0,0.0,0.9999999119999999
187,70.78954793001647,0.9999999760000001,0.0,0.0,0.0,0.0,0.0,0.9999999760000001
188,119.64172098393732,0.9721808610000001,0.016875806,0.009126368,0.001816943,0.0,0.0,0.9999999780000002
189,100.150122395058,0.997675499,0.0008812589,0.0005203648,0.0009228815,0.0,0.0,1.0000000042
190,96.94084879719178,0.9998228080000001,0.0001096429,6.761956e-05,0.0,0.0,0.0,1.00000007046
191,61.79316745691046,1.00000002,0.0,0.0,0.0,0.0,0.0,1.00000002
192,65.59918269999365,1.000000018,0.0,0.0,0.0,0.0,0.0,1.000000018
193,72.22848341866981,1.000000008,0.0,0.0,0.0,0.0,0.0,1.000000008
194,119.16031176181936,0.9698933479999999,0.01680821,0.01078224,0.002516168,0.0,0.0,0.999999966
195,116.36430736270643,0.9999999620000001,0.0,0.0,0.0,0.0,0.0,0.9999999620000001
196,109.51405783709819,0.999999957,0.0,0.0,0.0,0.0,0.0,0.999999957
197,76.07290172990844,1.0000000720000002,0.0,0.0,0.0,0.0,0.0,1.0000000720000002
198,85.07742853726481,0.959681921,2.338155e-05,0.0,0.03336326,0.006931376,0.0,0.9999999385500001
199,122.21882334227007,0.000647516299,0.6656823000000001,0.3323803,0.001289873,0.0,0.0,0.999999989299
200,115.64215260629742,0.996994389,0.001831225,0.001174323,0.0,0.0,0.0,0.999999937
201,67.85237475519443,1.0000000249999998,0.0,0.0,0.0,0.0,0.0,1.0000000249999998
202,119.89085234729734,1.000000035,0.0,0.0,0.0,0.0,0.0,1.000000035
203,52.3359832172206,1.000000045,0.0,0.0,0.0,0.0,0.0,1.000000045
204,58.957817109372904,0.9999999950000001,0.0,0.0,0.0,0.0,0.0,0.9999999950000001
205,50.67478583528092,0.9999999830000001,0.0,0.0,0.0,0.0,0.0,0.9999999830000001
206,115.87338055031393,0.812289114,0.10954881,0.06451860200000001,0.01124593,0.002397524,0.0,0.9999999800000001
207,111.77232546957373,0.990656166,0.004950869,0.003160521,0.001232396,0.0,0.0,0.9999999519999999
208,98.7742612058068,0.999999932,0.0,0.0,0.0,0.0,0.0,0.999999932
209,120.68333067159064,0.001811465512,0.6618539,0.3336775,0.002657219,0.0,0.0,1.000000084512
210,110.41395942344623,1.0000001120000002,0.0,0.0,0.0,0.0,0.0,1.0000001120000002
211,107.51457538405121,1.000000083,0.0,0.0,0.0,0.0,0.0,1.000000083
212,42.18828385027568,1.000000003,0.0,0.0,0.0,0.0,0.0,1.000000003
213,122.36104079690128,0.999999975,0.0,0.0,0.0,0.0,0.0,0.999999975
214,105.69693882229087,0.020123228340000004,0.6476274,0.326075,0.005093318,0.001080955,0.0,0.99999990134
215,54.78685792028312,1.00000001,0.0,0.0,0.0,0.0,0.0,1.00000001
216,68.66677969281085,0.999999927,0.0,0.0,0.0,0.0,0.0,0.999999927
217,105.18028999008159,0.999999935,0.0,0.0,0.0,0.0,0.0,0.999999935
218,51.55766340612367,0.999999918,0.0,0.0,0.0,0.0,0.0,0.999999918
219,66.23957452099245,1.000000025,0.0,0.0,0.0,0.0,0.0,1.000000025
220,69.1301700812991,0.9999999930000001,0.0,0.0,0.0,0.0,0.0,0.9999999930000001
221,67.70828735206982,1.000000017,0.0,0.0,0.0,0.0,0.0,1.000000017
222,96.68324468458609,1.000000024,0.0,0.0,0.0,0.0,0.0,1.000000024
223,99.13311095650052,1.0000000420000001,0.0,0.0,0.0,0.0,0.0,1.0000000420000001
224,100.78649153265428,0.9975376189999999,0.0008401578,0.0005278279,0.0010944,0.0,0.0,1.0000000047
225,70.4623570155284,1.000000069,0.0,0.0,0.0,0.0,0.0,1.000000069
226,76.0197190408836,1.00000007,0.0,0.0,0.0,0.0,0.0,1.00000007
227,123.94254551852093,0.00013208100170000002,0.6581023,0.34176563,0.0,0.0,0.0,1.0000000110017
228,122.60769470719544,0.9999999439999999,0.0,0.0,0.0,0.0,0.0,0.9999999439999999
229,68.73459819421323,1.000000006,0.0,0.0,0.0,0.0,0.0,1.000000006
230,127.81421827527753,0.9999999890000001,0.0,0.0,0.0,0.0,0.0,0.9999999890000001
231,129.0148657714712,1.0000000119999999,0.0,0.0,0.0,0.0,0.0,1.0000000119999999
232,104.63427762386118,0.9999999580000001,0.0,0.0,0.0,0.0,0.0,0.9999999580000001
233,126.10469188761557,0.11093305950000001,0.50500756,0.31629274200000007,0.05582318,0.01194348,0.0,1.0000000215
234,55.85285374219514,1.000000024,0.0,0.0,0.0,0.0,0.0,1.000000024
235,118.96137758130692,0.968453165,0.018787485,0.0107836565,0.001975749,0.0,0.0,1.0000000555000002
236,89.16502705021782,0.999999976,0.0,0.0,0.0,0.0,0.0,0.999999976
237,74.30491872246834,0.999999885,0.0,0.0,0.0,0.0,0.0,0.999999885
238,124.13140991942663,0.06256384690000001,0.6157873,0.3132696,0.006914408,0.001464919,0.0,1.0000000739
239,102.74766317513443,0.9333323090000001,0.028642243,0.017326770999999998,0.01707138,0.003627307,0.0,1.00000001
240,125.00732635251393,1.318566894e-05,0.6642796,0.3344144,0.001292868,0.0,0.0,1.00000005366894
241,120.48953631094952,0.998144201,0.001128697,0.0007270604,0.0,0.0,0.0,0.9999999584
242,95.97897337802029,0.9999999560000001,0.0,0.0,0.0,0.0,0.0,0.9999999560000001
243,103.8434711266308,0.6114003600000001,0.21073831,0.11696809999999999,0.05018966,0.01070351,0.0,0.9999999400000001
244,47.3706820901034,1.000000037,0.0,0.0,0.0,0.0,0.0,1.000000037
245,114.08184272777092,0.9999999660000001,0.0,0.0,0.0,0.0,0.0,0.9999999660000001
246,84.77897343245665,0.8770995409999999,0.007022303,0.0034007541,0.09252068,0.0199567,0.0,0.9999999780999999
247,85.52090008856196,0.999999973,0.0,0.0,0.0,0.0,0.0,0.999999973
248,71.72413761767598,0.999999976,0.0,0.0,0.0,0.0,0.0,0.999999976
249,117.848884151945,0.781986776,0.1172666,0.07537019980000001,0.02088982,0.004486624,0.0,1.0000000198
250,112.12074978310663,0.9941245639999999,0.003133384,0.002004526,0.0007375115,0.0,0.0,0.9999999854999999
251,90.70185448177784,0.9837061389999999,0.0008958441,0.000370264,0.0124103,0.002617422,0.0,0.9999999690999999
252,92.85341797286759,1.000000009,0.0,0.0,0.0,0.0,0.0,1.000000009
253,55.44585503090954,0.9999999310000001,0.0,0.0,0.0,0.0,0.0,0.9999999310000001
254,99.0598954655623,0.9999709830000001,2.907823e-05,0.0,0.0,0.0,0.0,1.0000000612300002
255,91.71484896836719,1.000000043,0.0,0.0,0.0,0.0,0.0,1.000000043
256,125.44902583370384,0.36689555339999996,0.37345232,0.22255518000000002,0.03056229,0.006534641,0.0,0.9999999844
257,124.5816292197605,1.0000000249999998,0.0,0.0,0.0,0.0,0.0,1.0000000249999998
258,118.80663955088222,0.9999999709999999,0.0,0.0,0.0,0.0,0.0,0.9999999709999999
259,102.7323040797812,0.11205914700000001,0.5742797,0.29251682,0.01745633,0.003688027,0.0,1.000000024
260,92.07562430508871,1.000000021,0.0,0.0,0.0,0.0,0.0,1.000000021
261,111.60600535647522,1.000000053,0.0,0.0,0.0,0.0,0.0,1.000000053
262,84.32372870272084,1.0000000249999998,0.0,0.0,0.0,0.0,0.0,1.0000000249999998
263,89.20592960666526,1.000000026,0.0,0.0,0.0,0.0,0.0,1.000000026
264,108.10164106450462,0.028262892609999996,0.6457042,0.3242916,0.001741197,0.0,0.0,0.99999988961
265,79.95542087183362,1.0000000329999998,0.0,0.0,0.0,0.0,0.0,1.0000000329999998
266,116.03875402746763,0.999999991,0.0,0.0,0.0,0.0,0.0,0.999999991
267,126.5648288278177,0.8602115130000001,0.07729415,0.05045624,0.009917412,0.002120627,0.0,0.9999999420000001
268,89.94061617705826,0.9999999460000001,0.0,0.0,0.0,0.0,0.0,0.9999999460000001
269,113.61249059842493,0.0051252798,0.6625242,0.33061039999999997,0.001740138,0.0,0.0,1.0000000178
270,108.7579384248888,0.999999954,0.0,0.0,0.0,0.0,0.0,0.999999954
271,85.33887320117574,1.00000001,0.0,0.0,0.0,0.0,0.0,1.00000001
272,67.55408558451589,1.0000001180000002,0.0,0.0,0.0,0.0,0.0,1.0000001180000002
273,62.27679657936425,1.000000035,0.0,0.0,0.0,0.0,0.0,1.000000035
274,111.37685071723746,0.9999999189999998,0.0,0.0,0.0,0.0,0.0,0.9999999189999998
275,125.65135056680515,0.9999999780000001,0.0,0.0,0.0,0.0,0.0,0.9999999780000001
276,121.98542687268043,0.9992515289999998,0.0004508708,0.0002976074,0.0,0.0,0.0,1.0000000071999997
277,75.85595639868936,1.0000000009999999,0.0,0.0,0.0,0.0,0.0,1.0000000009999999
278,42.72818466128904,0.999999959,0.0,0.0,0.0,0.0,0.0,0.999999959
279,111.20770629738766,0.9999999970000001,0.0,0.0,0.0,0.0,0.0,0.9999999970000001
280,107.21959219206067,0.003916426095,0.6577071000000001,0.3300451,0.006868227,0.001463224,0.0,1.0000000770950002
281,128.86178812657116,0.7606218549999999,0.1345234,0.0857223297,0.01574678,0.003385649,0.0,1.0000000136999998
282,85.52678160678363,0.9902804379999999,0.0,0.0,0.008030449,0.001689157,0.0,1.0000000439999999
283,123.24831628047107,0.0001920731752,0.6620182,0.3353945,0.002395217,0.0,0.0,0.9999999901752
284,123.24856440001149,1.0,0.0,0.0,0.0,0.0,0.0,1.0
285,104.90443570804104,0.995759246,0.001909524,0.00121157,0.001119586,0.0,0.0,0.999999926
286,50.20976663334189,0.999999997,0.0,0.0,0.0,0.0,0.0,0.999999997
287,84.12239823276097,0.999999911,0.0,0.0,0.0,0.0,0.0,0.999999911
288,97.67641693219801,0.9915920410000001,0.002360141,0.001292267,0.003915338,0.0008402665,0.0,1.0000000535
289,45.3325089157471,1.000000017,0.0,0.0,0.0,0.0,0.0,1.000000017
290,97.25955123840444,1.0000000080000002,0.0,0.0,0.0,0.0,0.0,1.0000000080000002
291,121.02269413657606,0.0479972086,0.53740201,0.33359484,0.06684128,0.01416458,0.0,0.9999999186
292,58.02316610189918,0.999999954,0.0,0.0,0.0,0.0,0.0,0.999999954
293,102.83230313682553,0.999999944,0.0,0.0,0.0,0.0,0.0,0.999999944
294,72.58008401824577,0.9999999399999999,0.0,0.0,0.0,0.0,0.0,0.9999999399999999
295,98.57309234052968,0.999999955,0.0,0.0,0.0,0.0,0.0,0.999999955
296,78.87692934092495,0.9999999559999999,0.0,0.0,0.0,0.0,0.0,0.9999999559999999
297,96.6651769241568,1.0000000009999999,0.0,0.0,0.0,0.0,0.0,1.0000000009999999
298,92.24628641604812,1.000000075,0.0,0.0,0.0,0.0,0.0,1.000000075
299,122.92530207934948,0.96084597,0.02199532,0.01414235,0.003016261,0.0,0.0,0.999999901
300,68.72782377918206,1.000000009,0.0,0.0,0.0,0.0,0.0,1.000000009
301,128.15427688283165,0.999999976,0.0,0.0,0.0,0.0,0.0,0.999999976
302,85.60423563613715,0.999074124,0.0,0.0,0.0009258748,0.0,0.0,0.9999999987999999
303,123.75441997669277,0.43195972799999993,0.33485206,0.19996501,0.02739042,0.005832802,0.0,1.0000000199999999
304,42.02321582937231,0.999999998,0.0,0.0,0.0,0.0,0.0,0.999999998
305,118.10732003617028,1.000000011,0.0,0.0,0.0,0.0,0.0,1.000000011
306,126.33834887785295,1.000000115,0.0,0.0,0.0,0.0,0.0,1.000000115
307,128.9238734348841,0.998873699,0.0006823468,0.0004440104,0.0,0.0,0.0,1.0000000562
308,107.4956191005172,0.9999999609999999,0.0,0.0,0.0,0.0,0.0,0.9999999609999999
309,65.89223349639207,1.000000045,0.0,0.0,0.0,0.0,0.0,1.000000045
310,92.15653439630087,0.18511150920000002,0.3739932,0.18735576999999998,0.2081995,0.04534004,0.0,1.0000000192
311,105.57742361074837,0.999558058,0.0002706976,0.0001712828,0.0,0.0,0.0,1.0000000383999998
312,43.42823193057225,0.9999999270000001,0.0,0.0,0.0,0.0,0.0,0.9999999270000001
313,124.72303754575064,0.00019750070619999998,0.6607871,0.335355,0.003660437,0.0,0.0,1.0000000377062
314,108.63897613239212,0.000491349339,0.6540296999999999,0.3322505,0.01092115,0.002307229,0.0,0.999999928339
315,54.67923534195178,0.999999991,0.0,0.0,0.0,0.0,0.0,0.999999991
316,99.884829210795,0.9999999470000001,0.0,0.0,0.0,0.0,0.0,0.9999999470000001
317,123.27659111845922,0.9880502280000002,0.007280215,0.004669496,0.0,0.0,0.0,0.9999999390000002
318,95.31397940176836,0.979967226,0.005433623,0.0024102816,0.01002356,0.002165345,0.0,1.0000000356
319,91.51210328484771,0.999999962,0.0,0.0,0.0,0.0,0.0,0.999999962
320,70.71308322887265,1.0000000310000001,0.0,0.0,0.0,0.0,0.0,1.0000000310000001
321,104.7825405290106,0.5210590810000001,0.26474534,0.14719178,0.05534055,0.01166323,0.0,0.9999999810000002
322,76.10089520379314,0.9999999570000002,0.0,0.0,0.0,0.0,0.0,0.9999999570000002
323,115.09550926759137,1.000000012,0.0,0.0,0.0,0.0,0.0,1.000000012
324,121.14466740376524,0.00030913873119999994,0.6620613,0.33555029999999997,0.002079251,0.0,0.0,0.9999999897311999
325,127.8499456815982,1.000000005,0.0,0.0,0.0,0.0,0.0,1.000000005
326,47.894022181490364,0.9999999640000001,0.0,0.0,0.0,0.0,0.0,0.9999999640000001
327,88.60067713641277,0.9999999760000001,0.0,0.0,0.0,0.0,0.0,0.9999999760000001
328,105.50094611913539,0.999999977,0.0,0.0,0.0,0.0,0.0,0.999999977
329,125.5805978578614,1.0000000429999998,0.0,0.0,0.0,0.0,0.0,1.0000000429999998
330,124.41043352130421,0.989780483,0.006217494,0.004002061,0.0,0.0,0.0,1.000000038
331,120.35755893369465,1.000000005,0.0,0.0,0.0,0.0,0.0,1.000000005
332,84.10710775725458,1.000000033,0.0,0.0,0.0,0.0,0.0,1.000000033
333,106.07934169691879,0.999999987,0.0,0.0,0.0,0.0,0.0,0.999999987
334,99.3130344034642,0.9999999120000002,0.0,0.0,0.0,0.0,0.0,0.9999999120000002
335,73.14967872799585,1.00000005,0.0,0.0,0.0,0.0,0.0,1.00000005
336,129.64864761210364,1.0000000510000002,0.0,0.0,0.0,0.0,0.0,1.0000000510000002
337,102.40177634516465,0.00673091935,0.6569099,0.3307986,0.004581007,0.0009795487,0.0,0.9999999750500002
338,83.99509510357316,1.000000083,0.0,0.0,0.0,0.0,0.0,1.000000083
339,89.3905518780469,0.9730238979999998,0.01468292,0.007218419,0.004166277,0.0009085667,0.0,1.0000000806999998
340,95.63606478366572,0.936762066,0.020188061,0.010816032,0.02656534,0.005668513,0.0,1.000000012
341,126.88610991736513,0.9782182530000002,0.01235159,0.007963505,0.001466672,0.0,0.0,1.00000002
342,89.72200551232638,1.000000032,0.0,0.0,0.0,0.0,0.0,1.000000032
343,93.81962816087021,1.000000071,0.0,0.0,0.0,0.0,0.0,1.000000071
344,119.61531828429102,0.9999999380000001,0.0,0.0,0.0,0.0,0.0,0.9999999380000001
345,48.47704958544197,1.000000056,0.0,0.0,0.0,0.0,0.0,1.000000056
346,89.51138619739868,1.000000055,0.0,0.0,0.0,0.0,0.0,1.000000055
347,90.03314611508854,1.00000005,0.0,0.0,0.0,0.0,0.0,1.00000005
348,91.95479518681299,0.9999999869999999,0.0,0.0,0.0,0.0,0.0,0.9999999869999999
349,49.29171222193799,0.9999999509999999,0.0,0.0,0.0,0.0,0.0,0.9999999509999999
350,91.0856364856891,0.999999918,0.0,0.0,0.0,0.0,0.0,0.999999918
351,104.77218419359629,1.000000033,0.0,0.0,0.0,0.0,0.0,1.000000033
352,100.39352711733869,0.8132526769999999,0.12104982,0.06043013999999999,0.004337405,0.0009299926,0.0,1.0000000346
353,83.5809220862368,0.9999999860000002,0.0,0.0,0.0,0.0,0.0,0.9999999860000002
354,116.29651112703716,1.000000004,0.0,0.0,0.0,0.0,0.0,1.000000004
355,42.44897733560085,1.00000001,0.0,0.0,0.0,0.0,0.0,1.00000001
356,109.69974204156091,1.000000013,0.0,0.0,0.0,0.0,0.0,1.000000013
357,126.31824823870993,0.9729181400000001,0.01538536,0.009897609,0.001798881,0.0,0.0,0.9999999900000002
358,91.98006032777175,1.000000024,0.0,0.0,0.0,0.0,0.0,1.000000024
359,48.54764536429626,0.9999999940000001,0.0,0.0,0.0,0.0,0.0,0.9999999940000001
360,50.08342466651468,1.000000038,0.0,0.0,0.0,0.0,0.0,1.000000038
361,129.39763488115995,0.1787980011,0.48305296999999997,0.29044473000000004,0.03931588,0.008388412,0.0,0.9999999931
362,106.24560061086828,0.9999999530000001,0.0,0.0,0.0,0.0,0.0,0.9999999530000001
363,111.02234786734648,0.9999999989999999,0.0,0.0,0.0,0.0,0.0,0.9999999989999999
364,74.84443400253183,1.000000013,0.0,0.0,0.0,0.0,0.0,1.000000013
365,65.53486696131833,1.000000029,0.0,0.0,0.0,0.0,0.0,1.000000029
366,118.59083443776966,1.000000049,0.0,0.0,0.0,0.0,0.0,1.000000049
367,110.11552211013516,1.000000042,0.0,0.0,0.0,0.0,0.0,1.000000042
368,72.51701840712809,1.000000037,0.0,0.0,0.0,0.0,0.0,1.000000037
369,121.6394909047579,1.0000000460000003,0.0,0.0,0.0,0.0,0.0,1.0000000460000003
370,116.05053425705765,0.999999997,0.0,0.0,0.0,0.0,0.0,0.999999997
371,119.4320519823086,1.0000001,0.0,0.0,0.0,0.0,0.0,1.0000001
372,84.46456802812496,0.9999999589999998,0.0,0.0,0.0,0.0,0.0,0.9999999589999998
373,80.9563937728689,1.000000023,0.0,0.0,0.0,0.0,0.0,1.000000023
374,101.88647540446988,0.9999999850000001,0.0,0.0,0.0,0.0,0.0,0.9999999850000001
375,107.84735064305728,1.000000024,0.0,0.0,0.0,0.0,0.0,1.000000024
376,94.67694350078051,0.999999987,0.0,0.0,0.0,0.0,0.0,0.999999987
377,58.087492143892526,1.000000056,0.0,0.0,0.0,0.0,0.0,1.000000056
378,85.35310411260906,0.999999963,0.0,0.0,0.0,0.0,0.0,0.999999963
379,85.86980311928069,0.9999999470000001,0.0,0.0,0.0,0.0,0.0,0.9999999470000001
380,127.92044874410692,0.996655957,0.002021939,0.00132207,0.0,0.0,0.0,0.999999966
381,112.53801013108757,0.83878823,0.09797131,0.054196207999999996,0.007437572,0.001606752,0.0,1.000000072
382,82.7791961910773,1.000000024,0.0,0.0,0.0,0.0,0.0,1.000000024
383,124.62694396668795,0.00036136888089999996,0.6638469,0.3340557,0.00173603,0.0,0.0,0.9999999988809001
384,55.042807431884356,1.000000044,0.0,0.0,0.0,0.0,0.0,1.000000044
385,112.46703820804426,0.999999987,0.0,0.0,0.0,0.0,0.0,0.999999987
386,93.41679076973708,0.9999999810000001,0.0,0.0,0.0,0.0,0.0,0.9999999810000001
387,98.96460678982588,1.00000011,0.0,0.0,0.0,0.0,0.0,1.00000011
388,94.87376808630907,1.000000018,0.0,0.0,0.0,0.0,0.0,1.000000018
389,95.72779273677904,0.34684997440000004,0.40959520000000005,0.20651292,0.03048935,0.006552523,0.0,0.9999999674
390,110.27317877375359,0.9997137500000001,0.0001739732,0.0001122354,0.0,0.0,0.0,0.9999999586000001
391,110.03981437116025,1.000000078,0.0,0.0,0.0,0.0,0.0,1.000000078
392,123.2111384063748,0.9999998840000001,0.0,0.0,0.0,0.0,0.0,0.9999998840000001
393,68.78668563524472,1.000000046,0.0,0.0,0.0,0.0,0.0,1.000000046
394,114.66445972428915,0.99949243,0.0003091949,0.0001983666,0.0,0.0,0.0,0.9999999915000001
395,89.79440385157477,0.999999976,0.0,0.0,0.0,0.0,0.0,0.999999976
396,86.67758359402005,1.000000007,0.0,0.0,0.0,0.0,0.0,1.000000007
397,63.143957867026536,0.999999991,0.0,0.0,0.0,0.0,0.0,0.999999991
398,55.00010050443771,0.99999997,0.0,0.0,0.0,0.0,0.0,0.99999997
399,126.33320454074385,0.9999999480000001,0.0,0.0,0.0,0.0,0.0,0.9999999480000001
400,90.54480478711115,0.9999999989999999,0.0,0.0,0.0,0.0,0.0,0.9999999989999999
401,76.71567406647917,1.0000000260000002,0.0,0.0,0.0,0.0,0.0,1.0000000260000002
402,70.92492305203108,1.000000011,0.0,0.0,0.0,0.0,0.0,1.000000011
403,110.03968341995399,0.998970794,0.0006283976,0.0004007543,0.0,0.0,0.0,0.9999999459
404,87.87685422978193,0.9951692360000001,0.000106607,3.478795e-05,0.003870561,0.0008187018,0.0,0.9999998937500001
405,123.98709849269574,0.9999998800000001,0.0,0.0,0.0,0.0,0.0,0.9999998800000001
406,93.895012191907,1.0,0.0,0.0,0.0,0.0,0.0,1.0
407,84.08029708336052,1.000000116,0.0,0.0,0.0,0.0,0.0,1.000000116
408,122.42169055949928,0.9610708279999999,0.02178281,0.01418578,0.002960608,0.0,0.0,1.000000026
409,89.26186248000744,1.000000047,0.0,0.0,0.0,0.0,0.0,1.000000047
410,107.00444926267649,0.999999984,0.0,0.0,0.0,0.0,0.0,0.999999984
411,71.11017817775844,0.9999999629999999,0.0,0.0,0.0,0.0,0.0,0.9999999629999999
412,71.94340004437394,1.000000078,0.0,0.0,0.0,0.0,0.0,1.000000078
413,62.513984568745975,0.999999976,0.0,0.0,0.0,0.0,0.0,0.999999976
414,102.85995204946256,0.999999906,0.0,0.0,0.0,0.0,0.0,0.999999906
415,126.21749893885452,1.000000033,0.0,0.0,0.0,0.0,0.0,1.000000033
416,58.137494654129675,0.9999999709999999,0.0,0.0,0.0,0.0,0.0,0.9999999709999999
417,62.17303840419378,0.999999969,0.0,0.0,0.0,0.0,0.0,0.999999969
418,109.17361482407848,0.999999907,0.0,0.0,0.0,0.0,0.0,0.999999907
419,84.95343847592281,0.9999999630000002,0.0,0.0,0.0,0.0,0.0,0.9999999630000002
420,106.88867685757972,0.99999999,0.0,0.0,0.0,0.0,0.0,0.99999999
421,129.3273232801478,0.997574756,0.001464868,0.0009603711,0.0,0.0,0.0,0.9999999951
422,98.57272726052723,0.9989156939999999,0.0004382537,0.0002254605,0.000420687,0.0,0.0,1.0000000951999999
423,72.93894455558826,0.999999972,0.0,0.0,0.0,0.0,0.0,0.999999972
424,128.03508786078243,1.0000000070000001,0.0,0.0,0.0,0.0,0.0,1.0000000070000001
425,90.03991335664128,0.999999945,0.0,0.0,0.0,0.0,0.0,0.999999945
426,102.80644178048901,0.8681745470000001,0.07213205,0.039411277,0.01672417,0.003557926,0.0,0.9999999700000002
427,83.43355008082712,0.1401715053,0.0014823857000000001,0.0007766034,0.5508912,0.02331426,0.283364,0.9999999544
428,87.37374486888024,0.89399568,0.05118699,0.025205520000000002,0.02446422,0.005147602,0.0,1.000000012
429,105.33053140370943,0.00389117181,0.6614863,0.32903489999999996,0.004601486,0.0009861771,0.0,1.00000003491
430,124.81135655839084,0.0003056346384,0.6645416,0.33381700000000003,0.001335747,0.0,0.0,0.9999999816384001
431,90.0466804850973,1.000000083,0.0,0.0,0.0,0.0,0.0,1.000000083
432,88.77612145697118,0.9999999629999999,0.0,0.0,0.0,0.0,0.0,0.9999999629999999
433,75.4181252127761,1.0000000530000002,0.0,0.0,0.0,0.0,0.0,1.0000000530000002
434,88.71100950442366,0.991338637,0.0001120573,4.521755e-05,0.007026319,0.001477839,0.0,1.00000006985
435,112.0093988554282,0.0001914662189,0.666212,0.33172559999999995,0.001871031,0.0,0.0,1.0000000972189
436,101.67520214193961,0.8476012949999999,0.09886069,0.049770369999999994,0.003114452,0.0006532014,0.0,1.0000000083999998
437,73.43516839428099,1.0000000379999998,0.0,0.0,0.0,0.0,0.0,1.0000000379999998
438,112.48928891191422,0.5146667709999999,0.2991823,0.16305563,0.01903154,0.004063769,0.0,1.00000001
439,46.632063120449715,1.000000036,0.0,0.0,0.0,0.0,0.0,1.000000036
440,120.78232767636936,0.957583319,0.02383426,0.01523352,0.003348853,0.0,0.0,0.999999952
441,110.55720722056526,0.99999993,0.0,0.0,0.0,0.0,0.0,0.99999993
442,77.68043299360826,1.0000000020000002,0.0,0.0,0.0,0.0,0.0,1.0000000020000002
443,121.25136047341756,0.999999948,0.0,0.0,0.0,0.0,0.0,0.999999948
444,110.21551010911678,0.999999949,0.0,0.0,0.0,0.0,0.0,0.999999949
445,127.84197619180657,1.000000002,0.0,0.0,0.0,0.0,0.0,1.000000002
446,122.28115323514649,1.000000053,0.0,0.0,0.0,0.0,0.0,1.000000053
447,120.41141234486143,1.000000045,0.0,0.0,0.0,0.0,0.0,1.000000045
448,60.01008970096896,1.000000052,0.0,0.0,0.0,0.0,0.0,1.000000052
449,119.73479324481005,1.00000001,0.0,0.0,0.0,0.0,0.0,1.00000001
450,65.02325948906797,1.000000035,0.0,0.0,0.0,0.0,0.0,1.000000035
451,126.81840217282247,0.999282655,0.0004307808,0.0002865168,0.0,0.0,0.0,0.9999999526000001
452,59.00713647135989,1.000000071,0.0,0.0,0.0,0.0,0.0,1.000000071
453,105.7507186848142,0.999999907,0.0,0.0,0.0,0.0,0.0,0.999999907
454,45.4196306740557,1.000000038,0.0,0.0,0.0,0.0,0.0,1.000000038
455,106.69050723780836,1.000000031,0.0,0.0,0.0,0.0,0.0,1.000000031
456,113.29336590723824,0.9999999639999999,0.0,0.0,0.0,0.0,0.0,0.9999999639999999
457,53.57087505223536,1.0000000050000002,0.0,0.0,0.0,0.0,0.0,1.0000000050000002
458,89.42169327264497,0.0746608493,0.5770698999999999,0.28251798,0.05406702,0.01168428,0.0,1.0000000293
459,118.00260882814692,1.000000096,0.0,0.0,0.0,0.0,0.0,1.000000096
460,126.53559680200509,1.000000004,0.0,0.0,0.0,0.0,0.0,1.000000004
461,102.48301541797855,0.999452257,0.000336578,0.0002111521,0.0,0.0,0.0,0.9999999870999999
462,123.70466980115586,1.000000051,0.0,0.0,0.0,0.0,0.0,1.000000051
463,121.66649518902882,0.9817846859999999,0.01016437,0.006619644,0.001431313,0.0,0.0,1.000000013
464,52.12493443190554,0.999999997,0.0,0.0,0.0,0.0,0.0,0.999999997
465,88.77156607446398,1.000000015,0.0,0.0,0.0,0.0,0.0,1.000000015
466,104.76836583803316,0.999999943,0.0,0.0,0.0,0.0,0.0,0.999999943
467,63.847703737483094,0.9999998809999999,0.0,0.0,0.0,0.0,0.0,0.9999998809999999
468,107.97435922077894,0.9932154310000001,0.003371657,0.002132689,0.001280231,0.0,0.0,1.000000008
469,120.65877420362659,1.0000000470000001,0.0,0.0,0.0,0.0,0.0,1.0000000470000001
470,61.98373556574002,1.000000004,0.0,0.0,0.0,0.0,0.0,1.000000004
471,120.70868461203798,0.999999935,0.0,0.0,0.0,0.0,0.0,0.999999935
472,83.39377313175069,0.9999999580000001,0.0,0.0,0.0,0.0,0.0,0.9999999580000001
473,79.54124593952207,1.000000026,0.0,0.0,0.0,0.0,0.0,1.000000026
474,116.68316243947844,1.0000000119999999,0.0,0.0,0.0,0.0,0.0,1.0000000119999999
475,107.53483788008785,0.999999996,0.0,0.0,0.0,0.0,0.0,0.999999996
476,110.44924062117214,1.000000051,0.0,0.0,0.0,0.0,0.0,1.000000051
477,56.073025030267715,1.000000003,0.0,0.0,0.0,0.0,0.0,1.000000003
478,99.11629726222124,1.000000032,0.0,0.0,0.0,0.0,0.0,1.000000032
479,58.24685819029547,0.999999888,0.0,0.0,0.0,0.0,0.0,0.999999888
480,64.25214917076096,1.0000000690000002,0.0,0.0,0.0,0.0,0.0,1.0000000690000002
481,50.77653562298995,0.999999916,0.0,0.0,0.0,0.0,0.0,0.999999916
482,67.66080586161546,1.000000023,0.0,0.0,0.0,0.0,0.0,1.000000023
483,108.74850996105528,0.0028825024809999997,0.6522607,0.3312566,0.01121563,0.002384577,0.0,1.000000009481
484,121.72521209055307,0.9952698379999999,0.002869907,0.001860272,0.0,0.0,0.0,1.0000000169999999
485,82.56531735592996,0.999999945,0.0,0.0,0.0,0.0,0.0,0.999999945
486,128.73346354972136,0.984427452,0.00945968,0.00611278,0.0,0.0,0.0,0.999999912
487,71.57511361909755,0.9999999230000001,0.0,0.0,0.0,0.0,0.0,0.9999999230000001
488,69.38430149176632,1.000000077,0.0,0.0,0.0,0.0,0.0,1.000000077
489,75.6880011313452,0.9999999869999999,0.0,0.0,0.0,0.0,0.0,0.9999999869999999
490,84.7733527786323,0.9999999180000001,0.0,0.0,0.0,0.0,0.0,0.9999999180000001
491,120.42585009192608,1.0000000359999999,0.0,0.0,0.0,0.0,0.0,1.0000000359999999
492,66.31892708224339,0.99999993,0.0,0.0,0.0,0.0,0.0,0.99999993
493,64.7533873683828,1.000000067,0.0,0.0,0.0,0.0,0.0,1.000000067
494,125.67234392994915,0.0003931207874,0.6558104,0.33566111,0.006693742,0.001441544,0.0,0.9999999167873999
495,105.4230604413427,0.00026964400309999995,0.6635427,0.33210399999999995,0.003366117,0.0007175682,0.0,1.0000000292031
496,127.16894026864443,1.000000099,0.0,0.0,0.0,0.0,0.0,1.000000099
497,99.0515611440794,0.9296975289999999,0.023586648,0.013751300000000001,0.02706569,0.005898862,0.0,1.000000029
498,116.5589841023114,1.000000062,0.0,0.0,0.0,0.0,0.0,1.000000062
499,113.62989794765768,0.9999999220000001,0.0,0.0,0.0,0.0,0.0,0.9999999220000001
500,124.92378958320313,0.999999959,0.0,0.0,0.0,0.0,0.0,0.999999959
501,83.15541077486742,0.9999999830000003,0.0,0.0,0.0,0.0,0.0,0.9999999830000003
502,45.62827462516392,1.0000000660000001,0.0,0.0,0.0,0.0,0.0,1.0000000660000001
503,125.08021044058596,0.9999999900000001,0.0,0.0,0.0,0.0,0.0,0.9999999900000001
504,125.49959356564341,0.999999939,0.0,0.0,0.0,0.0,0.0,0.999999939
505,112.01734467616406,0.9999998800000002,0.0,0.0,0.0,0.0,0.0,0.9999998800000002
506,80.22541546835622,0.9999999080000002,0.0,0.0,0.0,0.0,0.0,0.9999999080000002
507,72.77379128924034,0.999999986,0.0,0.0,0.0,0.0,0.0,0.999999986
508,120.40312866886936,1.000000042,0.0,0.0,0.0,0.0,0.0,1.000000042
509,101.41457525268152,1.000000055,0.0,0.0,0.0,0.0,0.0,1.000000055
510,82.86584555272681,1.000000012,0.0,0.0,0.0,0.0,0.0,1.000000012
511,100.66637243895387,1.000000047,0.0,0.0,0.0,0.0,0.0,1.000000047
512,103.51877123412004,0.9094555219999999,0.04664078,0.026608186,0.01424851,0.003047044,0.0,1.0000000420000001
513,116.99617391256344,1.000000045,0.0,0.0,0.0,0.0,0.0,1.000000045
514,87.09826665782185,1.0000000660000001,0.0,0.0,0.0,0.0,0.0,1.0000000660000001
515,87.91293152816161,0.9999999299999999,0.0,0.0,0.0,0.0,0.0,0.9999999299999999
516,121.6058626952552,0.587849096,0.22752118600000001,0.144422569,0.03298516,0.00722209,0.0,1.000000101
517,125.62529587742479,0.994164943,0.003542709,0.002292453,0.0,0.0,0.0,1.000000105
518,114.5630054375064,0.999999943,0.0,0.0,0.0,0.0,0.0,0.999999943
519,83.99994674088336,1.000000016,0.0,0.0,0.0,0.0,0.0,1.000000016
520,103.7450448048454,0.9746993889999999,0.013623666,0.0076437350000000005,0.003334307,0.0006988528,0.0,0.9999999498
521,99.59304451434078,0.999773121,0.0001399062,8.699949e-05,0.0,0.0,0.0,1.00000002669
522,110.73372506783686,0.9999999780000002,0.0,0.0,0.0,0.0,0.0,0.9999999780000002
523,107.91377185507136,1.0000000770000002,0.0,0.0,0.0,0.0,0.0,1.0000000770000002
524,91.05426488254156,0.999999995,0.0,0.0,0.0,0.0,0.0,0.999999995
525,101.8236612301421,1.000000045,0.0,0.0,0.0,0.0,0.0,1.000000045
526,83.5781470081147,1.0000000409999998,0.0,0.0,0.0,0.0,0.0,1.0000000409999998
527,72.16883298170967,0.9999999730000001,0.0,0.0,0.0,0.0,0.0,0.9999999730000001
528,50.47353424488656,0.999999971,0.0,0.0,0.0,0.0,0.0,0.999999971
529,94.2241239356405,0.9999999900000001,0.0,0.0,0.0,0.0,0.0,0.9999999900000001
530,123.15611450418363,0.985277704,0.008973672,0.005748615,0.0,0.0,0.0,0.999999991
531,127.38605875052544,0.9271300359999999,0.04161015,0.02638927,0.004870509,0.0,0.0,0.9999999649999999
532,109.57500003637509,0.41605615319999995,0.3774923,0.19404832,0.01021443,0.002188818,0.0,1.0000000212
533,80.30572337650621,1.000000078,0.0,0.0,0.0,0.0,0.0,1.000000078
534,65.36712235195738,1.000000052,0.0,0.0,0.0,0.0,0.0,1.000000052
535,124.29559178182194,0.042111043800000005,0.54453734,0.3407754,0.05985104,0.01272519,0.0,1.0000000137999998
536,103.8358627286523,1.000000068,0.0,0.0,0.0,0.0,0.0,1.000000068
537,51.75700833449103,1.0,0.0,0.0,0.0,0.0,0.0,1.0
538,123.35934095949652,1.000000023,0.0,0.0,0.0,0.0,0.0,1.000000023
539,96.1884043518092,1.000000044,0.0,0.0,0.0,0.0,0.0,1.000000044
540,118.6566526343011,0.999999965,0.0,0.0,0.0,0.0,0.0,0.999999965
541,99.4993219545442,0.8004026009999998,0.08915715,0.049008047,0.05056168,0.01087049,0.0,0.9999999679999997
542,120.34721130207764,0.9999999669999998,0.0,0.0,0.0,0.0,0.0,0.9999999669999998
543,98.55145471031628,0.9999681890000001,3.181286e-05,0.0,0.0,0.0,0.0,1.0000000018600002
544,129.09486570422987,0.000108437883,0.6491853,0.33811389999999997,0.0103679,0.002224506,0.0,1.000000043883
545,54.292871122626465,0.9999999749999999,0.0,0.0,0.0,0.0,0.0,0.9999999749999999
546,102.19461329532585,0.0006936318590000001,0.6597271,0.33307,0.005353016,0.00115623,0.0,0.999999977859
547,124.87733789697472,0.9999999910000001,0.0,0.0,0.0,0.0,0.0,0.9999999910000001
548,113.92974979396747,1.00000004,0.0,0.0,0.0,0.0,0.0,1.00000004
549,79.58424040376228,0.999999926,0.0,0.0,0.0,0.0,0.0,0.999999926
550,99.30917720797571,0.999999952,0.0,0.0,0.0,0.0,0.0,0.999999952
551,85.46532157265852,0.999999913,0.0,0.0,0.0,0.0,0.0,0.999999913
552,101.66406811649011,0.9998567809999999,8.773883e-05,5.549275e-05,0.0,0.0,0.0,1.00000001258
553,55.58668092240114,0.999999923,0.0,0.0,0.0,0.0,0.0,0.999999923
554,99.23791180040352,0.7352159220000001,0.09838452,0.055817469,0.09067407,0.01990807,0.0,1.000000051
555,105.49147416768734,0.99774815,0.001066357,0.0006737298,0.0005118532,0.0,0.0,1.00000009
556,76.81708181697128,1.000000046,0.0,0.0,0.0,0.0,0.0,1.000000046
557,73.91129039876918,0.999999953,0.0,0.0,0.0,0.0,0.0,0.999999953
558,93.25230099058008,0.9999999399999999,0.0,0.0,0.0,0.0,0.0,0.9999999399999999
559,121.34963822655943,0.1906307951,0.46033292000000003,0.28461870999999994,0.05318286,0.01123476,0.0,1.0000000451
560,109.3579697836268,0.997228366,0.00169303,0.001078706,0.0,0.0,0.0,1.000000102
561,116.11786836676359,1.000000028,0.0,0.0,0.0,0.0,0.0,1.000000028
562,95.90148006972777,1.000000065,0.0,0.0,0.0,0.0,0.0,1.000000065
563,129.06911959537254,0.9999999209999999,0.0,0.0,0.0,0.0,0.0,0.9999999209999999
564,85.34172619283312,0.9999999949999999,0.0,0.0,0.0,0.0,0.0,0.9999999949999999
565,61.3490444567913,0.999999918,0.0,0.0,0.0,0.0,0.0,0.999999918
566,64.15053877010628,1.0000000080000002,0.0,0.0,0.0,0.0,0.0,1.0000000080000002
567,44.842348620541046,0.9999999449999999,0.0,0.0,0.0,0.0,0.0,0.9999999449999999
568,125.31620657964358,0.9999999710000002,0.0,0.0,0.0,0.0,0.0,0.9999999710000002
569,89.18598487245886,0.9242460510000001,0.006019358,0.0029960104,0.05456047,0.01217809,0.0,0.9999999794000001
570,90.16429862525642,0.999999996,0.0,0.0,0.0,0.0,0.0,0.999999996
571,87.986367484453,0.9999999840000001,0.0,0.0,0.0,0.0,0.0,0.9999999840000001
572,112.41252025313982,0.9936189179999999,0.003438478,0.002186092,0.0007565185,0.0,0.0,1.0000000064999999
573,65.29861047149792,0.9999999940000001,0.0,0.0,0.0,0.0,0.0,0.9999999940000001
574,105.39200879481331,0.9999999709999999,0.0,0.0,0.0,0.0,0.0,0.9999999709999999
575,85.03711566210809,0.999999917,0.0,0.0,0.0,0.0,0.0,0.999999917
576,119.23930925297093,0.0005154449919999999,0.6644462,0.3337773,0.001261042,0.0,0.0,0.9999999869919999
577,71.85729802336554,1.0000000409999998,0.0,0.0,0.0,0.0,0.0,1.0000000409999998
578,112.91055485419257,1.000000027,0.0,0.0,0.0,0.0,0.0,1.000000027
579,124.5509575323638,0.999999999,0.0,0.0,0.0,0.0,0.0,0.999999999
580,120.38141777925458,1.000000068,0.0,0.0,0.0,0.0,0.0,1.000000068
581,101.60854726776651,0.001115621486,0.6657309,0.3298923,0.002685828,0.0005754002,0.0,1.000000049686
582,104.80352499042758,0.9886899539999999,0.005542971,0.003332008,0.00243499,0.0,0.0,0.999999923
583,72.17922745212931,0.999999991,0.0,0.0,0.0,0.0,0.0,0.999999991
584,84.98512371933006,0.982310974,0.002943842,0.0,0.01214982,0.002595324,0.0,0.9999999599999999
585,42.29799678619401,1.000000022,0.0,0.0,0.0,0.0,0.0,1.000000022
586,89.69436591400307,1.000000008,0.0,0.0,0.0,0.0,0.0,1.000000008
587,81.61740685508312,0.16064576319999999,0.0,0.0,0.35309224,0.07799483400000001,0.40826718,1.0000000171999999
588,103.57588012889187,0.999885544,6.985735e-05,4.46452e-05,0.0,0.0,0.0,1.0000000465499999
589,95.76331243539371,0.9710079399999999,0.011641410000000001,0.006080665,0.00930308,0.001966916,0.0,1.000000011
590,123.92042034314336,0.99973454,0.0002654992,0.0,0.0,0.0,0.0,1.0000000392
591,124.65303630440195,0.9735275100000002,0.01484492,0.009646331,0.001981119,0.0,0.0,0.9999998800000002
592,115.69124674495241,0.7332268069999999,0.15573759999999998,0.09149182600000001,0.01609416,0.003449499,0.0,0.9999998919999998
593,118.76368829195069,0.1207448485,0.49317133,0.30474398,0.06686661,0.0144733,0.0,1.0000000685000001
594,123.36107697122429,1.000000058,0.0,0.0,0.0,0.0,0.0,1.000000058
595,112.08246088578278,0.9999999909999999,0.0,0.0,0.0,0.0,0.0,0.9999999909999999
596,108.26158353635479,0.991918994,0.004012451,0.002563758,0.00150486,0.0,0.0,1.000000063
597,126.80545312843796,0.999999997,0.0,0.0,0.0,0.0,0.0,0.999999997
598,87.5548940640994,1.000000035,0.0,0.0,0.0,0.0,0.0,1.000000035
599,125.63710571201382,0.7167206039999999,0.16340383,0.100876476,0.01566591,0.003333154,0.0,0.999999974
600,93.481431657509,1.000000004,0.0,0.0,0.0,0.0,0.0,1.000000004
601,117.57261405482485,1.000000006,0.0,0.0,0.0,0.0,0.0,1.000000006
602,119.62490756473332,5.05717213e-05,0.6598608,0.3341798,0.004856276,0.001052617,0.0,1.0000000647213
603,116.91452978790448,0.9999999840000001,0.0,0.0,0.0,0.0,0.0,0.9999999840000001
604,111.29862836807024,0.999999982,0.0,0.0,0.0,0.0,0.0,0.999999982
605,40.14524492756066,1.0000000569999998,0.0,0.0,0.0,0.0,0.0,1.0000000569999998
606,60.72497844215007,0.999999941,0.0,0.0,0.0,0.0,0.0,0.999999941
607,117.52589013015928,0.9635401779999999,0.021723306999999997,0.012786717,0.001949854,0.0,0.0,1.000000056
608,53.821029588565175,1.000000065,0.0,0.0,0.0,0.0,0.0,1.000000065
609,91.79583410450249,0.9660470840000001,0.008829724,0.0044440980000000005,0.01702859,0.003650524,0.0,1.00000002
610,126.4084505475416,1.0000000649999998,0.0,0.0,0.0,0.0,0.0,1.0000000649999998
611,121.89373262445852,0.9999999530000001,0.0,0.0,0.0,0.0,0.0,0.9999999530000001
612,115.07810064840945,0.9999999459999999,0.0,0.0,0.0,0.0,0.0,0.9999999459999999
613,126.56508682516859,0.915611418,0.04757743,0.03107905,0.005732109,0.0,0.0,1.0000000070000001
614,128.4282595179677,0.0006126318269999999,0.6581996,0.33663129999999997,0.004556603,0.0,0.0,1.000000134827
615,120.14197662534158,0.954049309,0.02568913,0.01647099,0.00379048,0.0,0.0,0.9999999089999999
616,111.897241863037,0.2538711334,0.43846040000000003,0.24920084,0.04820448,0.01026311,0.0,0.9999999634
617,127.77612144957956,0.019404441669999998,0.5874551,0.34347247999999997,0.04082315,0.008844817,0.0,0.99999998867
618,106.23961384241777,0.9999999780000002,0.0,0.0,0.0,0.0,0.0,0.9999999780000002
619,122.38568409658829,1.000000006,0.0,0.0,0.0,0.0,0.0,1.000000006
620,114.18186177816126,0.9999999410000001,0.0,0.0,0.0,0.0,0.0,0.9999999410000001
621,109.32409174239784,0.0437265444,0.5760137,0.31414719,0.05444715,0.01166542,0.0,1.0000000044
622,80.91853363618192,1.000000056,0.0,0.0,0.0,0.0,0.0,1.000000056
623,65.23970403302947,1.0000000139999998,0.0,0.0,0.0,0.0,0.0,1.0000000139999998
624,101.1436327290105,0.9999632330000001,3.680119e-05,0.0,0.0,0.0,0.0,1.0000000341900002
625,54.68344150225892,0.9999999860000001,0.0,0.0,0.0,0.0,0.0,0.9999999860000001
626,128.22975318054415,1.000000017,0.0,0.0,0.0,0.0,0.0,1.000000017
627,48.33258332835358,0.9999999880000001,0.0,0.0,0.0,0.0,0.0,0.9999999880000001
628,120.85413273591824,0.19545376270000003,0.46082095,0.28324857000000003,0.04974051,0.01073621,0.0,1.0000000027
629,82.98705189290244,1.000000028,0.0,0.0,0.0,0.0,0.0,1.000000028
630,98.18863090559134,0.999999975,0.0,0.0,0.0,0.0,0.0,0.999999975
631,125.36430203693352,0.26169994930000007,0.44222101,0.25816043,0.03120549,0.00671313,0.0,1.0000000093
632,51.11195861668212,1.000000027,0.0,0.0,0.0,0.0,0.0,1.000000027
633,103.64522435797512,0.1960018185,0.4318212,0.23798959000000003,0.1105806,0.02360679,0.0,0.9999999985
634,103.86934375400244,0.6548229769999999,0.18047267,0.10199936,0.05169912,0.01100596,0.0,1.0000000869999999
635,115.4945899960572,1.000000054,0.0,0.0,0.0,0.0,0.0,1.000000054
636,129.70292751832451,1.000000034,0.0,0.0,0.0,0.0,0.0,1.000000034
637,121.24517733298391,1.000000043,0.0,0.0,0.0,0.0,0.0,1.000000043
638,43.887781684160785,0.9999998880000001,0.0,0.0,0.0,0.0,0.0,0.9999998880000001
639,86.28814745978741,1.00000007,0.0,0.0,0.0,0.0,0.0,1.00000007
640,57.8374954523992,1.0000000390000001,0.0,0.0,0.0,0.0,0.0,1.0000000390000001
641,108.3911283036154,0.992630994,0.003739696,0.002371707,0.001257645,0.0,0.0,1.000000042
642,99.58243985859757,0.000765206307,0.6662448999999999,0.3299406,0.002517675,0.0005315353,0.0,0.999999916607
643,100.38315263454636,1.000000065,0.0,0.0,0.0,0.0,0.0,1.000000065
644,57.86118691618135,1.000000051,0.0,0.0,0.0,0.0,0.0,1.000000051
645,113.18343202641717,0.9999999729999999,0.0,0.0,0.0,0.0,0.0,0.9999999729999999
646,112.06502377013193,0.9679511679999999,0.01698458,0.01062212,0.003655461,0.000786559,0.0,0.999999888
647,62.928992520172464,0.9999999829999999,0.0,0.0,0.0,0.0,0.0,0.9999999829999999
648,87.33572161419474,1.000000071,0.0,0.0,0.0,0.0,0.0,1.000000071
649,71.65117996615126,1.0000000150000001,0.0,0.0,0.0,0.0,0.0,1.0000000150000001
650,120.40508545347751,1.000000062,0.0,0.0,0.0,0.0,0.0,1.000000062
651,123.42163863495588,1.000000042,0.0,0.0,0.0,0.0,0.0,1.000000042
652,127.159676039146,1.0000000059999998,0.0,0.0,0.0,0.0,0.0,1.0000000059999998
653,97.283523588154,0.9987045969999999,0.0002794065,0.0001735445,0.0008423516,0.0,0.0,0.9999998995999999
654,49.621617990595986,0.9999999519999999,0.0,0.0,0.0,0.0,0.0,0.9999999519999999
655,70.28023790564006,1.000000024,0.0,0.0,0.0,0.0,0.0,1.000000024
656,42.19127272776368,1.0000000199999999,0.0,0.0,0.0,0.0,0.0,1.0000000199999999
657,92.98073645921535,1.0000000400000002,0.0,0.0,0.0,0.0,0.0,1.0000000400000002
658,89.91078086382782,0.999999999,0.0,0.0,0.0,0.0,0.0,0.999999999
659,127.87901154168655,0.999618053,0.000382059,0.0,0.0,0.0,0.0,1.000000112
660,121.60249892615057,0.999999954,0.0,0.0,0.0,0.0,0.0,0.999999954
661,114.35276976522935,1.000000035,0.0,0.0,0.0,0.0,0.0,1.000000035
662,129.0489927459043,0.9999999500000001,0.0,0.0,0.0,0.0,0.0,0.9999999500000001
663,49.30683930426582,1.000000067,0.0,0.0,0.0,0.0,0.0,1.000000067
664,99.75200389985424,0.999999992,0.0,0.0,0.0,0.0,0.0,0.999999992
665,43.111798388504894,1.000000039,0.0,0.0,0.0,0.0,0.0,1.000000039
666,43.84904760762313,0.9999999760000001,0.0,0.0,0.0,0.0,0.0,0.9999999760000001
667,40.5533463847946,1.0000000470000001,0.0,0.0,0.0,0.0,0.0,1.0000000470000001
668,111.46220952633816,0.0001010853812,0.6613304,0.33467729999999996,0.003201295,0.0006899043,0.0,0.9999999846812
669,121.80311482218832,0.82408558,0.10389581,0.061664413999999994,0.008551679,0.001802508,0.0,0.999999991
670,110.74529286188654,1.000000019,0.0,0.0,0.0,0.0,0.0,1.000000019
671,92.69122004904965,0.9769965740000001,0.003649416,0.001070897,0.01509421,0.003188932,0.0,1.000000029
672,103.45786228703264,0.999999976,0.0,0.0,0.0,0.0,0.0,0.999999976
673,94.6473507082017,1.000000005,0.0,0.0,0.0,0.0,0.0,1.000000005
674,72.27792128250061,1.0000000199999999,0.0,0.0,0.0,0.0,0.0,1.0000000199999999
675,106.97645670132358,1.000000032,0.0,0.0,0.0,0.0,0.0,1.000000032
676,99.34080176224107,0.20306362940000003,0.5272736,0.26096516999999997,0.007122293,0.001575274,0.0,0.9999999664
677,126.7275688709635,0.9999999629999999,0.0,0.0,0.0,0.0,0.0,0.9999999629999999
678,123.79744626685606,1.000000076,0.0,0.0,0.0,0.0,0.0,1.000000076
679,83.67103331523111,0.07459686780000001,0.005357641,0.0027945696,0.5883242,0.02475828,0.3041684,0.9999999584
680,120.35996895607175,0.999999957,0.0,0.0,0.0,0.0,0.0,0.999999957
681,95.93205005723772,0.9999999610000002,0.0,0.0,0.0,0.0,0.0,0.9999999610000002
682,72.86598940939297,0.999999894,0.0,0.0,0.0,0.0,0.0,0.999999894
683,111.35546868086536,1.000000088,0.0,0.0,0.0,0.0,0.0,1.000000088
684,64.04524059481574,0.9999999839999999,0.0,0.0,0.0,0.0,0.0,0.9999999839999999
685,66.0608060490649,1.000000061,0.0,0.0,0.0,0.0,0.0,1.000000061
686,123.61735325559765,0.998281971,0.001043031,0.0006750723,0.0,0.0,0.0,1.0000000743000002
687,95.83008158365395,0.9648616170000001,0.009348365,0.0051685273000000006,0.01698467,0.003636806,0.0,0.9999999853000001
688,90.85260708586829,0.9724232010000001,0.0021250212,0.0005700663,0.02057912,0.004302629,0.0,1.0000000375
689,112.98922211632885,1.000000027,0.0,0.0,0.0,0.0,0.0,1.000000027
690,69.90563248980347,1.000000043,0.0,0.0,0.0,0.0,0.0,1.000000043
691,124.16783444886336,0.9999999949999999,0.0,0.0,0.0,0.0,0.0,0.9999999949999999
692,112.11317046701878,1.000000055,0.0,0.0,0.0,0.0,0.0,1.000000055
693,44.8874034891206,1.0000000159999998,0.0,0.0,0.0,0.0,0.0,1.0000000159999998
694,107.70453862763193,1.000000046,0.0,0.0,0.0,0.0,0.0,1.000000046
695,110.80006165310205,1.000000035,0.0,0.0,0.0,0.0,0.0,1.000000035
696,56.364126377356264,1.000000031,0.0,0.0,0.0,0.0,0.0,1.000000031
697,107.0837698937713,0.0005601861050000001,0.6634576999999999,0.33425649999999996,0.001725589,0.0,0.0,0.9999999751049998
698,120.03232531230309,0.999999928,0.0,0.0,0.0,0.0,0.0,0.999999928
699,76.89533363230508,1.000000059,0.0,0.0,0.0,0.0,0.0,1.000000059
700,74.35482086799854,1.000000033,0.0,0.0,0.0,0.0,0.0,1.000000033
701,125.91097858748371,0.9988967289999999,0.0006672693,0.0004359928,0.0,0.0,0.0,0.9999999910999999
702,73.37526512677613,1.000000007,0.0,0.0,0.0,0.0,0.0,1.000000007
703,98.8012044369954,0.999999948,0.0,0.0,0.0,0.0,0.0,0.999999948
704,87.52697958382367,0.999999964,0.0,0.0,0.0,0.0,0.0,0.999999964
705,57.47715624700536,1.000000006,0.0,0.0,0.0,0.0,0.0,1.000000006
706,99.55735505680052,0.99999993,0.0,0.0,0.0,0.0,0.0,0.99999993
707,71.75084090478545,0.9999999969999999,0.0,0.0,0.0,0.0,0.0,0.9999999969999999
708,60.362058870137034,1.000000069,0.0,0.0,0.0,0.0,0.0,1.000000069
709,97.77395020224165,0.947570362,0.016923765,0.009578657999999999,0.02134182,0.004585488,0.0,1.000000093
710,60.65889742687013,1.000000043,0.0,0.0,0.0,0.0,0.0,1.000000043
711,64.78674914301354,1.000000019,0.0,0.0,0.0,0.0,0.0,1.000000019
712,84.08235064467303,1.0000000660000001,0.0,0.0,0.0,0.0,0.0,1.0000000660000001
713,126.7507563253184,0.9999999689999999,0.0,0.0,0.0,0.0,0.0,0.9999999689999999
714,55.608461662979295,1.000000025,0.0,0.0,0.0,0.0,0.0,1.000000025
715,109.73066146475323,0.9587790479999999,0.02053928,0.0131633,0.006191224,0.001327154,0.0,1.000000006
716,80.89981007512897,0.9999999860000002,0.0,0.0,0.0,0.0,0.0,0.9999999860000002
717,53.360558155837964,0.9999998999999999,0.0,0.0,0.0,0.0,0.0,0.9999998999999999
718,84.76998921623534,1.000000002,0.0,0.0,0.0,0.0,0.0,1.000000002
719,90.27924102468668,0.03956334688,0.5180746,0.25731968000000005,0.1520102,0.03303212,0.0,0.99999994688
720,124.69192850037079,0.906926411,0.05174807,0.033232,0.006660119,0.001433427,0.0,1.000000027
721,118.08140640998516,0.987670668,0.006781655,0.00439705,0.001150637,0.0,0.0,1.0000000100000002
722,101.02842273540251,0.9999999710000002,0.0,0.0,0.0,0.0,0.0,0.9999999710000002
723,128.39443883534722,1.000000023,0.0,0.0,0.0,0.0,0.0,1.000000023
724,60.22508842032965,0.999999937,0.0,0.0,0.0,0.0,0.0,0.999999937
725,46.13510827246416,1.000000068,0.0,0.0,0.0,0.0,0.0,1.000000068
726,55.71693829016036,0.99999994,0.0,0.0,0.0,0.0,0.0,0.99999994
727,86.60022898148371,0.9993948410000001,0.0,0.0,0.0006051306,0.0,0.0,0.9999999716000001
728,124.5103419611352,0.599458081,0.23814679,0.14103035,0.01757741,0.003787394,0.0,1.0000000249999998
729,65.77782015181333,0.999999942,0.0,0.0,0.0,0.0,0.0,0.999999942
730,109.31074472651709,0.9989235070000001,0.0006562361,0.000420313,0.0,0.0,0.0,1.0000000561
731,77.98872098560548,0.9999999659999999,0.0,0.0,0.0,0.0,0.0,0.9999999659999999
732,97.0283261843958,0.994159025,0.003659978,0.0008730502,0.001307899,0.0,0.0,0.9999999521999998
733,57.24503564880796,1.0000000820000001,0.0,0.0,0.0,0.0,0.0,1.0000000820000001
734,41.06547066778789,0.99999998,0.0,0.0,0.0,0.0,0.0,0.99999998
735,55.20999228445372,0.999999954,0.0,0.0,0.0,0.0,0.0,0.999999954
736,77.85894455817845,1.000000015,0.0,0.0,0.0,0.0,0.0,1.000000015
737,61.92295830977482,1.0000000500000001,0.0,0.0,0.0,0.0,0.0,1.0000000500000001
738,62.290341326105576,0.999999967,0.0,0.0,0.0,0.0,0.0,0.999999967
739,89.12406777677742,0.9999999600000001,0.0,0.0,0.0,0.0,0.0,0.9999999600000001
740,128.34924915509487,0.9999999499999999,0.0,0.0,0.0,0.0,0.0,0.9999999499999999
741,121.7729702184362,0.9999999940000001,0.0,0.0,0.0,0.0,0.0,0.9999999940000001
742,116.58526344006208,0.9924873460000001,0.004587751,0.002924955,0.0,0.0,0.0,1.000000052
743,125.61362417112018,0.999999992,0.0,0.0,0.0,0.0,0.0,0.999999992
744,84.14332137648712,1.0000000800000002,0.0,0.0,0.0,0.0,0.0,1.0000000800000002
745,56.248781781675284,0.999999955,0.0,0.0,0.0,0.0,0.0,0.999999955
746,104.09675180544531,0.9999999119999999,0.0,0.0,0.0,0.0,0.0,0.9999999119999999
747,112.19408582413263,0.999999961,0.0,0.0,0.0,0.0,0.0,0.999999961
748,65.94279376487452,0.999999948,0.0,0.0,0.0,0.0,0.0,0.999999948
749,103.92897396386316,0.999999986,0.0,0.0,0.0,0.0,0.0,0.999999986
750,119.68866782181348,0.003255729555,0.6140768,0.34043804,0.03477734,0.00745216,0.0,1.000000069555
751,88.45213854591726,0.9999999489999999,0.0,0.0,0.0,0.0,0.0,0.9999999489999999
752,119.70465834654013,0.999999993,0.0,0.0,0.0,0.0,0.0,0.999999993
753,102.73315183223494,0.999999932,0.0,0.0,0.0,0.0,0.0,0.999999932
754,74.64633063247359,1.000000039,0.0,0.0,0.0,0.0,0.0,1.000000039
755,119.2470238015714,0.999999887,0.0,0.0,0.0,0.0,0.0,0.999999887
756,128.40235050841915,0.9999999649999999,0.0,0.0,0.0,0.0,0.0,0.9999999649999999
757,105.54168331853519,1.000000113,0.0,0.0,0.0,0.0,0.0,1.000000113
758,88.53445649283344,1.000000044,0.0,0.0,0.0,0.0,0.0,1.000000044
759,54.71037194106489,0.9999999620000001,0.0,0.0,0.0,0.0,0.0,0.9999999620000001
760,103.96669194215751,0.9992364939999999,0.000468467,0.0002950099,0.0,0.0,0.0,0.9999999708999999
761,128.43611204395071,0.999999965,0.0,0.0,0.0,0.0,0.0,0.999999965
762,77.36656897242821,0.999999958,0.0,0.0,0.0,0.0,0.0,0.999999958
763,82.24390421567605,1.0000000150000001,0.0,0.0,0.0,0.0,0.0,1.0000000150000001
764,122.55817454382591,1.000000096,0.0,0.0,0.0,0.0,0.0,1.000000096
765,82.75522794152312,0.999999944,0.0,0.0,0.0,0.0,0.0,0.999999944
766,110.00351255178585,0.999999937,0.0,0.0,0.0,0.0,0.0,0.999999937
767,105.85775888662613,0.9999999019999999,0.0,0.0,0.0,0.0,0.0,0.9999999019999999
768,52.77807478277045,1.000000026,0.0,0.0,0.0,0.0,0.0,1.000000026
769,105.70279834650526,0.9999999209999999,0.0,0.0,0.0,0.0,0.0,0.9999999209999999
770,66.44048343120723,0.999999972,0.0,0.0,0.0,0.0,0.0,0.999999972
771,96.91431596614643,0.9999999960000001,0.0,0.0,0.0,0.0,0.0,0.9999999960000001
772,87.50765256783826,1.000000016,0.0,0.0,0.0,0.0,0.0,1.000000016
773,117.15765048626774,0.957269605,0.02353136,0.01508657,0.004112468,0.0,0.0,1.000000003
774,85.89601861071692,0.999999993,0.0,0.0,0.0,0.0,0.0,0.999999993
775,48.68225175475714,1.000000046,0.0,0.0,0.0,0.0,0.0,1.000000046
776,119.91970156111908,0.994751893,0.003194029,0.00205407,0.0,0.0,0.0,0.999999992
777,96.89890755790064,0.9989879439999999,0.0003460565,0.0001711924,0.0004948057,0.0,0.0,0.9999999985999999
778,103.35221108382878,0.981418576,0.007222792,0.004546824,0.005588482,0.001223324,0.0,0.999999998
779,87.94818389072405,0.9999999980000002,0.0,0.0,0.0,0.0,0.0,0.9999999980000002
780,125.12759345144579,0.0005601593830000001,0.6655864,0.3325263,0.001327108,0.0,0.0,0.9999999673830001
781,63.32376906026036,0.999999953,0.0,0.0,0.0,0.0,0.0,0.999999953
782,101.28342677674557,0.9999999780000001,0.0,0.0,0.0,0.0,0.0,0.9999999780000001
783,95.25921129339851,0.842323582,0.034089689,0.018691871,0.08623362,0.01866113,0.0,0.9999998920000001
784,68.88704494898279,0.999999997,0.0,0.0,0.0,0.0,0.0,0.999999997
785,108.7657121508694,0.994690302,0.002698617,0.001715937,0.0008951035,0.0,0.0,0.9999999594999999
786,110.31181128436523,0.9991911490000001,0.0004928477,0.0003159884,0.0,0.0,0.0,0.9999999851000001
787,90.3599482686083,0.01651222931,0.5592409,0.27692302,0.12116,0.0261639,0.0,1.00000004931
788,116.25960134770223,0.22371146519999996,0.46010039999999996,0.26574165,0.04157474,0.0088717,0.0,0.9999999551999998
789,83.45682808109456,0.9999998900000001,0.0,0.0,0.0,0.0,0.0,0.9999998900000001
790,113.29739317922696,0.458127102,0.32581702,0.18260911999999999,0.02760945,0.00583731,0.0,1.0000000020000002
791,84.04380416622575,0.9999999980000001,0.0,0.0,0.0,0.0,0.0,0.9999999980000001
792,128.88414492341136,1.0000000439999999,0.0,0.0,0.0,0.0,0.0,1.0000000439999999
793,128.13017989952735,0.2495370247,0.44895092,0.2644241,0.03054842,0.006539539,0.0,1.0000000036999999
794,103.6118659975568,0.999999915,0.0,0.0,0.0,0.0,0.0,0.999999915
795,114.41592569457056,1.000000039,0.0,0.0,0.0,0.0,0.0,1.000000039
796,106.06161710398241,0.9999999720000001,0.0,0.0,0.0,0.0,0.0,0.9999999720000001
797,53.22176757033835,0.9999999930000001,0.0,0.0,0.0,0.0,0.0,0.9999999930000001
798,108.69135032655123,0.9972665960000001,0.001668249,0.00106507,0.0,0.0,0.0,0.9999999150000001
799,87.95655971749308,0.999999973,0.0,0.0,0.0,0.0,0.0,0.999999973
800,87.91211584413708,1.000000039,0.0,0.0,0.0,0.0,0.0,1.000000039
801,56.01802298757633,0.999999984,0.0,0.0,0.0,0.0,0.0,0.999999984
802,81.41369305963161,1.0000000199999999,0.0,0.0,0.0,0.0,0.0,1.0000000199999999
803,104.19917267226437,0.999569894,0.0002637534,0.0001663174,0.0,0.0,0.0,0.9999999647999999
804,94.59602914759223,1.000000017,0.0,0.0,0.0,0.0,0.0,1.000000017
805,97.46704228644668,1.000000041,0.0,0.0,0.0,0.0,0.0,1.000000041
806,122.40806636514486,0.9986715,0.000800578,0.0005279371,0.0,0.0,0.0,1.0000000151000001
807,45.295435860868565,1.00000006,0.0,0.0,0.0,0.0,0.0,1.00000006
808,63.354513634941284,0.999999971,0.0,0.0,0.0,0.0,0.0,0.999999971
809,40.25464068381702,0.999999919,0.0,0.0,0.0,0.0,0.0,0.999999919
810,89.75881404087706,1.000000024,0.0,0.0,0.0,0.0,0.0,1.000000024
811,98.30090348990535,1.000000074,0.0,0.0,0.0,0.0,0.0,1.000000074
812,96.36709712797251,0.999999951,0.0,0.0,0.0,0.0,0.0,0.999999951
813,90.75817901056824,0.999999986,0.0,0.0,0.0,0.0,0.0,0.999999986
814,117.90335704108999,0.8279263229999999,0.09315662,0.059882776,0.01568542,0.003348926,0.0,1.0000000649999998
815,93.0260316382564,1.000000009,0.0,0.0,0.0,0.0,0.0,1.000000009
816,106.50954931199452,1.000000039,0.0,0.0,0.0,0.0,0.0,1.000000039
817,104.91143091370752,0.7595609249999999,0.1201937,0.070833165,0.04076596,0.008646205,0.0,0.9999999549999999
818,121.69314811709032,0.573571019,0.24355676999999998,0.14978184800000002,0.02723138,0.005859022,0.0,1.0000000390000001
819,71.0448707667897,1.000000018,0.0,0.0,0.0,0.0,0.0,1.000000018
820,113.7772484600643,0.9999999410000001,0.0,0.0,0.0,0.0,0.0,0.9999999410000001
821,87.86898636140327,0.999999985,0.0,0.0,0.0,0.0,0.0,0.999999985
822,59.833769633271295,1.000000044,0.0,0.0,0.0,0.0,0.0,1.000000044
823,124.21959593328985,0.9961114340000001,0.002360671,0.001527921,0.0,0.0,0.0,1.0000000260000002
824,121.98190884441001,0.44129213100000003,0.31824194,0.19713927099999998,0.03568615,0.007640462,0.0,0.999999954
825,69.59651178646416,1.000000002,0.0,0.0,0.0,0.0,0.0,1.000000002
826,85.50554665361402,0.9868592129999999,1.695496e-05,0.0,0.01080412,0.002319659,0.0,0.9999999469599998
827,113.17394697205104,0.20807273649999997,0.42630157999999996,0.26278383,0.08501784,0.01782398,0.0,0.9999999665
828,108.01898554725392,1.000000061,0.0,0.0,0.0,0.0,0.0,1.000000061
829,121.57599806072979,0.9999999750000002,0.0,0.0,0.0,0.0,0.0,0.9999999750000002
830,109.2563932984087,0.22887545080000002,0.42260601999999997,0.2473657,0.08320956,0.01794324,0.0,0.9999999708
831,96.33513241392008,1.0000000249999998,0.0,0.0,0.0,0.0,0.0,1.0000000249999998
832,84.61640923041206,1.000000077,0.0,0.0,0.0,0.0,0.0,1.000000077
833,48.895796490867156,1.000000015,0.0,0.0,0.0,0.0,0.0,1.000000015
834,82.67178981524566,0.04306585179999999,8.025946e-05,0.0,0.02853155,0.24044387,0.6878785,1.00000003126
835,78.38619514735626,1.0000000359999999,0.0,0.0,0.0,0.0,0.0,1.0000000359999999
836,126.08506681948471,1.000000006,0.0,0.0,0.0,0.0,0.0,1.000000006
837,96.41961820600012,0.999999999,0.0,0.0,0.0,0.0,0.0,0.999999999
838,129.05480540978763,9.964086770000002e-06,0.6641405,0.3339738,0.001875761,0.0,0.0,1.00000002508677
839,65.05751296822632,0.999999952,0.0,0.0,0.0,0.0,0.0,0.999999952
840,99.44653556677963,0.8586321770000002,0.07242571,0.038540416,0.02507897,0.005322807,0.0,1.0000000800000002
841,125.3112461482355,0.00021936347550000003,0.6618885999999999,0.33560219999999996,0.002289971,0.0,0.0,1.0000001344754998
842,116.31006488134493,0.9999999379999999,0.0,0.0,0.0,0.0,0.0,0.9999999379999999
843,111.73325692453423,0.9965988720000001,0.002074062,0.00132706,0.0,0.0,0.0,0.9999999940000002
844,40.74892013828675,1.000000027,0.0,0.0,0.0,0.0,0.0,1.000000027
845,50.43434284061922,0.9999999530000001,0.0,0.0,0.0,0.0,0.0,0.9999999530000001
846,70.54206675047797,0.9999999729999999,0.0,0.0,0.0,0.0,0.0,0.9999999729999999
847,54.87893136343715,0.999999879,0.0,0.0,0.0,0.0,0.0,0.999999879
848,60.73393898078347,0.999999984,0.0,0.0,0.0,0.0,0.0,0.999999984
849,84.11201120483888,1.000000008,0.0,0.0,0.0,0.0,0.0,1.000000008
850,104.36879452267864,1.000000001,0.0,0.0,0.0,0.0,0.0,1.000000001
851,80.19976186518556,1.000000087,0.0,0.0,0.0,0.0,0.0,1.000000087
852,119.89312809546163,1.000000021,0.0,0.0,0.0,0.0,0.0,1.000000021
853,55.950820375480134,0.999999959,0.0,0.0,0.0,0.0,0.0,0.999999959
854,95.9090464870662,0.9999999909999999,0.0,0.0,0.0,0.0,0.0,0.9999999909999999
855,111.85807459556005,1.000000032,0.0,0.0,0.0,0.0,0.0,1.000000032
856,125.81130824536612,0.9999999789999999,0.0,0.0,0.0,0.0,0.0,0.9999999789999999
857,101.75379743204095,0.9889633550000001,0.006471311,0.0028407031,0.001724617,0.0,0.0,0.9999999861000001
858,103.46810047885856,0.9980943030000001,0.001276279,0.0006293485,0.0,0.0,0.0,0.9999999305000001
859,125.27318022218252,1.000000003,0.0,0.0,0.0,0.0,0.0,1.000000003
860,128.55578880830893,1.000000012,0.0,0.0,0.0,0.0,0.0,1.000000012
861,90.24229885413143,1.0000000569999998,0.0,0.0,0.0,0.0,0.0,1.0000000569999998
862,127.19237075720724,1.000000067,0.0,0.0,0.0,0.0,0.0,1.000000067
863,112.87127238094635,1.00000004,0.0,0.0,0.0,0.0,0.0,1.00000004
864,95.63760784389231,0.999999946,0.0,0.0,0.0,0.0,0.0,0.999999946
865,112.68202822401736,0.9998677419999998,0.0001322521,0.0,0.0,0.0,0.0,0.9999999940999998
866,49.44268062916197,0.9999999629999999,0.0,0.0,0.0,0.0,0.0,0.9999999629999999
867,115.00123793223952,1.000000008,0.0,0.0,0.0,0.0,0.0,1.000000008
868,50.81682455643212,0.9999999439999999,0.0,0.0,0.0,0.0,0.0,0.9999999439999999
869,92.909979278512,0.9999999430000001,0.0,0.0,0.0,0.0,0.0,0.9999999430000001
870,97.34845000659729,1.000000046,0.0,0.0,0.0,0.0,0.0,1.000000046
871,42.60905646391785,1.000000083,0.0,0.0,0.0,0.0,0.0,1.000000083
872,97.50766728755184,0.9999999780000002,0.0,0.0,0.0,0.0,0.0,0.9999999780000002
873,115.47469773318629,1.000000028,0.0,0.0,0.0,0.0,0.0,1.000000028
874,110.98189261057452,1.000000019,0.0,0.0,0.0,0.0,0.0,1.000000019
875,71.08305429521008,1.000000008,0.0,0.0,0.0,0.0,0.0,1.000000008
876,106.35813785305949,1.000000051,0.0,0.0,0.0,0.0,0.0,1.000000051
877,112.78122826984553,0.9982987569999998,0.001030002,0.0006711515,0.0,0.0,0.0,0.9999999104999998
878,126.65908236927186,0.999999971,0.0,0.0,0.0,0.0,0.0,0.999999971
879,113.08712212423237,1.0000000359999999,0.0,0.0,0.0,0.0,0.0,1.0000000359999999
880,111.1752651591131,0.99853902,0.0008907747,0.0005702389,0.0,0.0,0.0,1.0000000336000001
881,43.49347068226649,1.000000015,0.0,0.0,0.0,0.0,0.0,1.000000015
882,107.719024911629,1.000000039,0.0,0.0,0.0,0.0,0.0,1.000000039
883,124.98230216374313,0.9999999989999999,0.0,0.0,0.0,0.0,0.0,0.9999999989999999
884,125.81866281523916,0.1817717309,0.48989543,0.28629662,0.03461261,0.00742355,0.0,0.9999999409
885,107.35372911320309,0.9412437640000001,0.029221545,0.017691647,0.009750966,0.002092035,0.0,0.9999999570000001
886,123.11768796359631,1.0000000400000002,0.0,0.0,0.0,0.0,0.0,1.0000000400000002
887,124.51608041210163,0.0007665242149999999,0.6575288,0.3366051,0.004201228,0.0008983657,0.0,1.000000017915
888,92.17062030835454,0.9999999839999999,0.0,0.0,0.0,0.0,0.0,0.9999999839999999
889,73.36069942028668,0.999999997,0.0,0.0,0.0,0.0,0.0,0.999999997
890,66.83817666923775,1.000000009,0.0,0.0,0.0,0.0,0.0,1.000000009
891,61.86454790628903,0.9999999270000001,0.0,0.0,0.0,0.0,0.0,0.9999999270000001
892,47.4360801874957,1.0000000409999998,0.0,0.0,0.0,0.0,0.0,1.0000000409999998
893,85.3505662143235,1.0000000220000003,0.0,0.0,0.0,0.0,0.0,1.0000000220000003
894,96.47090814197924,0.999944253,3.446664e-05,2.132197e-05,0.0,0.0,0.0,1.00000004161
895,108.34904454882955,1.000000029,0.0,0.0,0.0,0.0,0.0,1.000000029
896,97.995984506272,0.998674952,0.0003355095,0.0002085841,0.00078089,0.0,0.0,0.9999999356000001
897,84.79177701794951,0.999999917,0.0,0.0,0.0,0.0,0.0,0.999999917
898,122.03731833670892,1.000000028,0.0,0.0,0.0,0.0,0.0,1.000000028
899,109.86135767331629,0.998683995,0.0008030686,0.0005129928,0.0,0.0,0.0,1.0000000564
900,108.68783748302586,1.000000048,0.0,0.0,0.0,0.0,0.0,1.000000048
901,107.70402208381502,1.000000071,0.0,0.0,0.0,0.0,0.0,1.000000071
902,111.06264931023813,9.923586890000001e-05,0.6677823,0.330882,0.001236445,0.0,0.0,0.9999999808689001
903,76.63389476562959,1.0000000110000002,0.0,0.0,0.0,0.0,0.0,1.0000000110000002
904,99.61342132172165,0.983032398,0.004735031,0.002933448,0.007664916,0.001634104,0.0,0.9999998969999998
905,102.60110919861452,0.966762445,0.020362566999999998,0.010660352000000001,0.002214571,0.0,0.0,0.999999935
906,103.62402829874779,0.9998281730000002,0.000104882,6.69241e-05,0.0,0.0,0.0,0.9999999791000002
907,105.59078686894995,1.000000026,0.0,0.0,0.0,0.0,0.0,1.000000026
908,106.63076464895866,0.9999999150000001,0.0,0.0,0.0,0.0,0.0,0.9999999150000001
909,110.9868821840351,1.000000026,0.0,0.0,0.0,0.0,0.0,1.000000026
910,96.19605056050531,0.999999915,0.0,0.0,0.0,0.0,0.0,0.999999915
911,55.46876520392436,0.9999999760000002,0.0,0.0,0.0,0.0,0.0,0.9999999760000002
912,89.24599883305453,0.999999873,0.0,0.0,0.0,0.0,0.0,0.999999873
913,68.94011946536712,0.9999999399999999,0.0,0.0,0.0,0.0,0.0,0.9999999399999999
914,74.81001762614444,0.9999999899999998,0.0,0.0,0.0,0.0,0.0,0.9999999899999998
915,127.95423906471493,5.14928159e-05,0.6618481,0.3358711,0.002229318,0.0,0.0,1.0000000108159
916,111.39573078762821,0.0001487763372,0.6633236,0.3328836,0.003005684,0.0006383847,0.0,1.0000000450372002
917,69.60008100020086,0.9999999870000001,0.0,0.0,0.0,0.0,0.0,0.9999999870000001
918,118.72771972084473,1.000000032,0.0,0.0,0.0,0.0,0.0,1.000000032
919,96.04974228939464,0.9999999000000002,0.0,0.0,0.0,0.0,0.0,0.9999999000000002
920,85.97713602525228,0.99999998,0.0,0.0,0.0,0.0,0.0,0.99999998
921,106.63433378855707,0.999509191,0.0002997781,0.0001910674,0.0,0.0,0.0,1.0000000365000001
922,59.850241294768296,1.000000023,0.0,0.0,0.0,0.0,0.0,1.000000023
923,80.61276652652855,0.999999928,0.0,0.0,0.0,0.0,0.0,0.999999928
924,66.84703692143533,1.000000009,0.0,0.0,0.0,0.0,0.0,1.000000009
925,126.03134384278393,0.9658073450000002,0.020423330000000003,0.01178177,0.001987567,0.0,0.0,1.000000012
926,51.552489947105826,1.000000084,0.0,0.0,0.0,0.0,0.0,1.000000084
927,44.21624838601677,1.000000043,0.0,0.0,0.0,0.0,0.0,1.000000043
928,60.092302111638354,0.9999999110000001,0.0,0.0,0.0,0.0,0.0,0.9999999110000001
929,115.95424458920624,0.9996517220000002,0.0002094533,0.0001388084,0.0,0.0,0.0,0.9999999837000002
930,77.5093433768057,0.9999999940000001,0.0,0.0,0.0,0.0,0.0,0.9999999940000001
931,70.00150014147745,0.9999999740000001,0.0,0.0,0.0,0.0,0.0,0.9999999740000001
932,82.42768983924705,1.0000000549999999,0.0,0.0,0.0,0.0,0.0,1.0000000549999999
933,70.93409317530444,1.000000048,0.0,0.0,0.0,0.0,0.0,1.000000048
934,51.88744085243717,1.000000053,0.0,0.0,0.0,0.0,0.0,1.000000053
935,109.7121485580019,0.0002759941235,0.6588807,0.3341932,0.005484184,0.001165862,0.0,0.9999999401234999
936,117.85821167216095,1.0000000969999998,0.0,0.0,0.0,0.0,0.0,1.0000000969999998
937,126.12300607491842,0.9816870650000001,0.01115533,0.007157691,0.0,0.0,0.0,1.0000000860000002
938,79.68149927142585,0.9999999700000001,0.0,0.0,0.0,0.0,0.0,0.9999999700000001
939,83.12314404019948,1.0000000130000002,0.0,0.0,0.0,0.0,0.0,1.0000000130000002
940,124.76256834037085,0.9314842619999999,0.040015577999999996,0.024718876999999997,0.003781232,0.0,0.0,0.9999999489999999
941,78.17786643413548,0.9999999609999999,0.0,0.0,0.0,0.0,0.0,0.9999999609999999
942,99.33409875667921,0.9999999820000001,0.0,0.0,0.0,0.0,0.0,0.9999999820000001
943,109.88134981547262,0.763556818,0.13076242,0.077664889,0.02305233,0.004963508,0.0,0.999999965
944,74.03844718151805,1.0000001250000001,0.0,0.0,0.0,0.0,0.0,1.0000001250000001
945,91.30005038666384,0.9707120579999999,0.0060445180000000005,0.0030718504,0.01664694,0.003524721,0.0,1.0000000874
946,96.26917080793558,1.00000008,0.0,0.0,0.0,0.0,0.0,1.00000008
947,120.09836565862163,0.9999999390000001,0.0,0.0,0.0,0.0,0.0,0.9999999390000001
948,70.38613732706766,0.999999976,0.0,0.0,0.0,0.0,0.0,0.999999976
949,56.83420167187806,1.000000038,0.0,0.0,0.0,0.0,0.0,1.000000038
950,74.0656694099267,1.000000048,0.0,0.0,0.0,0.0,0.0,1.000000048
951,49.89812905061242,1.000000009,0.0,0.0,0.0,0.0,0.0,1.000000009
952,127.27130520987416,0.9966192899999999,0.002051358,0.001329304,0.0,0.0,0.0,0.9999999519999999
953,83.39607290669755,1.00000006,0.0,0.0,0.0,0.0,0.0,1.00000006
954,49.406601748957826,1.0000000690000002,0.0,0.0,0.0,0.0,0.0,1.0000000690000002
955,85.79634694073563,1.0000000549999999,0.0,0.0,0.0,0.0,0.0,1.0000000549999999
956,87.2471451722582,0.9999999839999999,0.0,0.0,0.0,0.0,0.0,0.9999999839999999
957,117.81144931627364,1.000000095,0.0,0.0,0.0,0.0,0.0,1.000000095
958,48.612580619486074,1.0000000059999998,0.0,0.0,0.0,0.0,0.0,1.0000000059999998
959,77.47678212678332,1.0000000299999998,0.0,0.0,0.0,0.0,0.0,1.0000000299999998
960,123.31631991326736,0.99999998,0.0,0.0,0.0,0.0,0.0,0.99999998
961,127.0302686324012,0.999297303,0.0004254825,0.0002772294,0.0,0.0,0.0,1.0000000149
962,118.95973721837608,0.9994905540000001,0.000307389,0.0002019379,0.0,0.0,0.0,0.9999998809000001
963,96.17142922477959,1.0000000279999999,0.0,0.0,0.0,0.0,0.0,1.0000000279999999
964,119.01176744335278,0.2423081898,0.4727804,0.25899332999999997,0.02134031,0.004577799,0.0,1.0000000288
965,103.54693812818071,1.00000003,0.0,0.0,0.0,0.0,0.0,1.00000003
966,111.80652679257004,0.996212478,0.002310241,0.001477243,0.0,0.0,0.0,0.999999962
967,85.63413647598334,1.000000036,0.0,0.0,0.0,0.0,0.0,1.000000036
968,105.25609339018813,0.0006289114730000001,0.6560017,0.329708,0.01124986,0.002411531,0.0,1.000000002473
969,69.80761577057852,0.999999932,0.0,0.0,0.0,0.0,0.0,0.999999932
970,117.89304814582924,0.9999999769999999,0.0,0.0,0.0,0.0,0.0,0.9999999769999999
971,97.97176664698792,0.0027812450859999996,0.6564369,0.3304667,0.008466101,0.001849066,0.0,1.000000012086
972,101.42661458486708,0.9999999970000001,0.0,0.0,0.0,0.0,0.0,0.9999999970000001
973,86.82789533409101,0.999999982,0.0,0.0,0.0,0.0,0.0,0.999999982
974,105.80858638556046,1.000000121,0.0,0.0,0.0,0.0,0.0,1.000000121
975,128.03709151504188,6.14153736e-05,0.6604258000000001,0.3358187,0.003694208,0.0,0.0,1.0000001233736002
976,71.27868642605189,1.000000008,0.0,0.0,0.0,0.0,0.0,1.000000008
977,46.68724977223262,1.0000001070000002,0.0,0.0,0.0,0.0,0.0,1.0000001070000002
978,82.11419856927421,1.000000094,0.0,0.0,0.0,0.0,0.0,1.000000094
979,80.96148709361375,1.000000037,0.0,0.0,0.0,0.0,0.0,1.000000037
980,128.94130082181684,0.999999882,0.0,0.0,0.0,0.0,0.0,0.999999882
981,106.16500393787584,0.9999999009999999,0.0,0.0,0.0,0.0,0.0,0.9999999009999999
982,65.17506526440488,1.000000003,0.0,0.0,0.0,0.0,0.0,1.000000003
983,41.13450371217164,0.999999926,0.0,0.0,0.0,0.0,0.0,0.999999926
984,104.24769558405485,0.5954187499999999,0.22089282,0.12333869,0.04975119,0.0105986,0.0,1.00000005
985,42.75037749763508,0.9999999470000001,0.0,0.0,0.0,0.0,0.0,0.9999999470000001
986,45.968810715773344,1.000000068,0.0,0.0,0.0,0.0,0.0,1.000000068
987,78.7154043614777,1.000000013,0.0,0.0,0.0,0.0,0.0,1.000000013
988,117.9681096177571,0.994339601,0.003449141,0.002211261,0.0,0.0,0.0,1.000000003
989,119.39556045640705,8.025655820000002e-05,0.6574887,0.33738769999999996,0.004148705,0.0008945882,0.0,0.9999999497582
990,89.14442467997246,0.999999971,0.0,0.0,0.0,0.0,0.0,0.999999971
991,90.55336591739041,1.000000092,0.0,0.0,0.0,0.0,0.0,1.000000092
992,86.51676339731483,1.000000051,0.0,0.0,0.0,0.0,0.0,1.000000051
993,96.0597886299496,0.35506678320000007,0.4239832,0.21032098,0.008737011,0.001892092,0.0,1.0000000662000001
994,100.86334981555231,0.999729434,0.000166222,0.0001043149,0.0,0.0,0.0,0.9999999709
995,68.3430286624839,1.0000000400000002,0.0,0.0,0.0,0.0,0.0,1.0000000400000002
996,128.9339385943473,1.000000057,0.0,0.0,0.0,0.0,0.0,1.000000057
997,104.88099499928816,0.999999968,0.0,0.0,0.0,0.0,0.0,0.999999968
998,117.781265559122,0.910744121,0.053637550000000006,0.031194377,0.004423988,0.0,0.0,1.000000036
999,79.91774187197842,0.9999999770000001,0.0,0.0,0.0,0.0,0.0,0.9999999770000001
